PDB_CHAIN,WILD_RES,POSITION,MUTANT_RES,PH,TEMPERATURE,EXP_DDG
1A43A,G,156,A,7.3,25.0,-2.40
1A43A,E,159,D,7.3,25.0,-4.55
1A43A,R,167,A,7.3,25.0,-4.55
1A43A,W,184,A,7.3,25.0,-0.70
1A43A,C,218,S,7.3,25.0,-3.70
1A5EA,W,15,D,8.5,20.0,0.19
1A5EA,L,37,S,8.5,20.0,0.81
1A5EA,L,121,R,8.5,20.0,0.55
1AEPA,L,14,K,7.4,25.0,-1.18
1AEPA,T,28,A,7.4,25.0,0.48
1AEPA,A,137,K,7.4,25.0,-1.40
1AEPA,T,141,A,7.4,25.0,-1.03
1AG2A,M,129,V,7.0,25.0,-0.11
1AG2A,F,175,W,7.0,22.0,-0.05
1AG2A,V,180,I,7.0,25.0,-0.25
1AG2A,T,183,A,7.0,25.0,-4.04
1AG2A,T,190,V,7.0,25.0,0.19
1AG2A,F,198,S,7.0,25.0,-2.15
1AG2A,E,200,K,7.0,25.0,-0.23
1AG2A,R,208,H,7.0,25.0,-1.05
1AG2A,V,210,I,7.0,25.0,-0.07
1AG2A,Q,217,R,7.0,25.0,-1.88
1AJ3A,H,10,A,7.0,25.0,0.50
1AJ3A,H,10,G,7.0,25.0,-0.50
1AJ3A,F,12,A,7.0,25.0,-3.70
1AJ3A,F,12,L,7.0,25.0,-1.30
1AJ3A,R,14,A,7.0,25.0,-0.30
1AJ3A,R,14,G,7.0,25.0,-1.90
1AJ3A,M,16,A,7.0,25.0,-2.20
1AJ3A,D,17,A,7.0,25.0,-0.20
1AJ3A,D,17,G,7.0,25.0,-1.20
1AJ3A,S,21,A,7.0,25.0,0.50
1AJ3A,S,21,G,7.0,25.0,-0.50
1AJ3A,W,22,F,7.5,25.0,-1.31
1AJ3A,I,23,A,7.0,25.0,-3.60
1AJ3A,I,23,V,7.0,25.0,-1.60
1AJ3A,E,25,A,7.0,25.0,0.10
1AJ3A,E,25,G,7.0,25.0,-1.10
1AJ3A,K,26,A,7.0,25.0,0.00
1AJ3A,V,30,A,7.0,25.0,-0.20
1AJ3A,T,40,A,7.0,25.0,0.30
1AJ3A,T,40,G,7.0,25.0,-0.10
1AJ3A,V,42,A,7.0,25.0,-0.40
1AJ3A,N,44,A,7.0,25.0,0.20
1AJ3A,N,44,G,7.0,25.0,-0.40
1AJ3A,L,45,A,7.0,25.0,-0.20
1AJ3A,K,47,A,7.0,25.0,0.40
1AJ3A,K,47,G,7.0,25.0,-0.50
1AJ3A,H,49,A,7.0,25.0,-1.40
1AJ3A,R,51,A,7.0,25.0,0.30
1AJ3A,R,51,G,7.0,25.0,-0.60
1AJ3A,L,52,A,7.0,25.0,-2.80
1AJ3A,A,54,G,7.0,25.0,-1.10
1AJ3A,L,56,A,7.0,25.0,-3.80
1AJ3A,A,58,G,7.0,25.0,-1.10
1AJ3A,H,59,A,7.0,25.0,-2.30
1AJ3A,I,63,A,7.0,25.0,-2.80
1AJ3A,I,63,V,7.0,25.0,-0.60
1AJ3A,Q,64,A,7.0,25.0,-0.70
1AJ3A,Q,64,G,7.0,25.0,-1.80
1AJ3A,V,66,A,7.0,25.0,-2.30
1AJ3A,D,68,A,7.0,25.0,-0.10
1AJ3A,D,68,G,7.0,25.0,-1.30
1AJ3A,K,72,A,7.0,25.0,-0.10
1AJ3A,K,72,G,7.0,25.0,-1.40
1AJ3A,L,73,A,7.0,25.0,-2.40
1AJ3A,I,84,A,7.0,25.0,-2.00
1AJ3A,I,84,V,7.0,25.0,-0.60
1AJ3A,Q,86,A,7.0,25.0,0.00
1AJ3A,Q,86,G,7.0,25.0,-1.30
1AJ3A,L,88,A,7.0,25.0,-2.80
1AJ3A,A,89,G,7.0,25.0,-1.10
1AJ3A,F,91,A,7.0,25.0,-2.80
1AJ3A,F,91,L,7.0,25.0,0.50
1AJ3A,D,93,A,7.0,25.0,0.70
1AJ3A,D,93,G,7.0,25.0,-0.30
1AJ3A,W,95,F,7.0,25.0,-2.10
1AJ3A,K,96,A,7.0,25.0,-0.40
1AJ3A,K,96,G,7.0,25.0,-1.30
1AJ3A,L,98,A,7.0,25.0,-3.80
1AJ3A,Q,100,A,7.0,25.0,0.40
1AJ3A,Q,100,G,7.0,25.0,-0.70
1AJ3A,A,102,G,7.0,25.0,-2.60
1AJ3A,A,104,G,7.0,25.0,-1.80
1AJ3A,R,105,A,7.0,25.0,0.00
1AKYA,V,8,I,7.5,25.0,-1.20
1AKYA,Q,48,E,7.7,25.0,-0.96
1AKYA,T,77,H,6.4,25.0,-0.90
1AKYA,T,110,H,6.3,25.0,-2.13
1AKYA,N,169,D,7.5,25.0,-2.15
1AKYA,I,213,F,7.5,25.0,-1.91
1AM7A,H,31,D,7.0,25.0,-1.60
1AM7A,H,48,N,7.0,25.0,-5.00
1AMQA,C,82,A,7.5,25.0,-0.45
1AMQA,C,82,S,7.5,25.0,-2.44
1AMQA,C,191,A,7.5,25.0,-1.12
1AMQA,C,191,F,7.5,25.0,-0.90
1AMQA,C,191,G,7.5,25.0,-0.02
1AMQA,C,191,R,7.5,25.0,-1.69
1AMQA,C,191,S,7.5,25.0,-1.44
1AMQA,C,191,W,7.5,25.0,-2.25
1AMQA,C,191,Y,7.5,25.0,-1.05
1AMQA,C,192,A,7.5,25.0,-1.21
1AMQA,C,192,S,7.5,25.0,-0.99
1AMQA,C,270,A,7.5,25.0,-1.68
1AMQA,C,401,A,7.5,25.0,1.06
1AMQA,C,401,S,7.5,25.0,-1.79
1ANKA,D,84,H,7.2,51.8,-1.40
1ANKA,G,85,V,7.2,51.8,-2.40
1ANKA,F,86,L,7.2,51.8,-0.80
1ANKA,R,88,G,7.4,51.8,-0.10
1AONU,I,3,C,7.8,25.0,-0.44
1AONU,I,3,W,7.8,25.0,-0.25
1AONU,I,48,W,7.8,25.0,-0.20
1AONU,V,95,C,7.8,25.0,-0.25
1APSA,Y,11,F,5.5,28.0,1.04
1APSA,Y,11,I,5.5,28.0,-2.24
1APSA,V,13,A,5.5,28.0,-2.63
1APSA,V,17,A,5.5,28.0,-1.84
1APSA,V,20,A,5.5,28.0,-0.28
1APSA,F,22,L,5.5,28.0,-1.29
1APSA,Y,25,A,5.5,28.0,0.10
1APSA,A,30,G,5.5,28.0,-1.65
1APSA,V,36,A,5.5,28.0,-2.54
1APSA,W,38,F,5.5,28.0,-0.02
1APSA,V,39,A,5.5,28.0,-1.63
1APSA,T,42,A,5.5,28.0,-1.84
1APSA,G,45,A,5.5,28.0,-1.73
1APSA,V,47,A,5.5,28.0,-1.87
1APSA,V,51,A,5.5,28.0,-1.88
1APSA,W,64,A,5.5,28.0,-1.50
1APSA,I,75,V,5.5,28.0,-1.41
1APSA,T,78,S,5.5,28.0,-1.41
1APSA,E,83,D,5.5,28.0,-1.51
1APSA,I,86,V,5.5,28.0,-1.57
1APSA,L,89,A,5.5,28.0,-1.67
1ARRA,Q,9,G,7.5,25.0,0.22
1ARRA,R,13,G,7.5,25.0,0.27
1ARRA,R,16,G,7.5,25.0,-0.64
1ARRA,E,17,G,7.5,25.0,-0.57
1ARRA,L,19,Q,7.5,25.0,-0.90
1ARRA,D,20,G,7.5,25.0,-1.35
1ARRA,R,23,G,7.5,25.0,-1.04
1ARRA,K,24,G,7.5,25.0,-1.23
1ARRA,K,24,T,7.5,25.0,-0.60
1ARRA,E,27,G,7.5,25.0,-0.43
1ARRA,E,28,G,7.5,25.0,-0.84
1ARRA,N,34,G,7.5,25.0,0.23
1ARRA,S,35,G,7.5,25.0,-0.24
1ARRA,Q,39,G,7.5,25.0,-0.65
1ARRA,K,46,G,7.5,25.0,-0.73
1ARRA,K,47,G,7.5,25.0,-0.57
1ARRA,E,48,G,7.5,25.0,-1.14
1AZPA,V,30,I,7.0,50.0,0.70
1B26A,R,190,A,7.0,39.0,-0.36
1B26A,K,193,A,7.0,39.0,0.38
1B26A,E,231,A,7.0,39.0,-0.49
1B8EA,W,19,Y,7.1,30.0,-3.45
1BLCA,D,179,N,6.5,20.0,-0.44
1BNIA,I,4,A,6.3,25.0,-1.11
1BNIA,I,4,V,6.3,25.0,-0.69
1BNIA,N,5,A,6.3,25.0,-1.83
1BNIA,T,6,A,6.3,25.0,-2.21
1BNIA,T,6,D,6.3,25.0,0.11
1BNIA,T,6,E,6.3,25.0,-0.27
1BNIA,T,6,G,6.3,25.0,-1.09
1BNIA,T,6,H,6.8,25.0,-2.06
1BNIA,T,6,N,6.3,25.0,-1.27
1BNIA,T,6,Q,6.3,25.0,-1.87
1BNIA,T,6,S,6.3,25.0,-0.22
1BNIA,F,7,L,6.2,25.0,-4.35
1BNIA,D,8,A,5.9,25.0,-0.80
1BNIA,D,8,G,6.3,25.0,-1.23
1BNIA,D,8,S,6.3,25.0,-0.84
1BNIA,V,10,A,6.3,25.0,-3.46
1BNIA,V,10,T,6.3,25.0,-2.37
1BNIA,D,12,A,6.3,25.0,-0.09
1BNIA,D,12,G,5.3,25.0,-0.76
1BNIA,D,12,S,6.3,25.0,-0.77
1BNIA,Y,13,A,6.3,25.0,-3.49
1BNIA,Y,13,F,6.3,25.0,-0.52
1BNIA,L,14,A,6.3,29.6,-4.51
1BNIA,Q,15,I,6.3,25.0,1.19
1BNIA,T,16,A,6.3,25.0,-0.38
1BNIA,T,16,G,6.3,25.0,-1.48
1BNIA,T,16,R,6.0,25.0,0.24
1BNIA,T,16,S,6.3,25.0,-1.66
1BNIA,Y,17,A,6.3,25.0,-2.12
1BNIA,Y,17,F,6.3,25.0,-0.44
1BNIA,Y,17,G,6.3,25.0,-4.02
1BNIA,Y,17,S,6.3,25.0,-2.28
1BNIA,H,18,A,6.3,25.0,-1.99
1BNIA,H,18,D,6.3,25.0,-2.38
1BNIA,H,18,G,6.6,25.0,-0.65
1BNIA,H,18,K,6.3,25.0,-1.05
1BNIA,H,18,N,6.3,25.0,-1.74
1BNIA,H,18,Q,6.3,25.0,-1.52
1BNIA,H,18,R,6.3,25.0,-1.09
1BNIA,H,18,S,6.3,25.0,-2.19
1BNIA,K,19,R,6.3,25.0,0.54
1BNIA,D,22,M,4.4,25.0,-0.27
1BNIA,N,23,A,6.3,25.0,-2.27
1BNIA,Y,24,F,6.3,25.0,0.05
1BNIA,I,25,A,6.3,25.0,-3.59
1BNIA,I,25,V,6.3,25.0,-1.05
1BNIA,T,26,A,6.3,25.0,-1.95
1BNIA,T,26,D,6.3,25.0,-0.04
1BNIA,T,26,E,6.3,25.0,-0.05
1BNIA,T,26,G,5.9,25.0,-1.48
1BNIA,T,26,N,6.3,25.0,-1.29
1BNIA,T,26,Q,6.3,25.0,-1.72
1BNIA,T,26,S,6.3,25.0,-0.56
1BNIA,T,26,V,6.3,25.0,-2.31
1BNIA,K,27,A,6.3,25.0,0.44
1BNIA,K,27,G,6.3,25.0,-0.30
1BNIA,S,28,A,6.3,25.0,0.50
1BNIA,S,28,E,6.3,25.0,0.50
1BNIA,S,28,G,6.3,25.0,-0.47
1BNIA,E,29,A,6.3,25.0,-1.28
1BNIA,E,29,G,6.3,25.0,-1.91
1BNIA,E,29,Q,6.3,25.0,-0.11
1BNIA,E,29,S,6.3,25.0,-1.22
1BNIA,Q,31,A,6.3,25.0,-0.03
1BNIA,Q,31,G,6.3,25.0,-1.04
1BNIA,Q,31,S,6.3,25.0,0.00
1BNIA,A,32,C,6.3,25.0,-1.42
1BNIA,A,32,D,6.3,25.0,-0.56
1BNIA,A,32,E,6.3,25.0,-0.24
1BNIA,A,32,F,6.3,25.0,-0.56
1BNIA,A,32,G,6.3,25.0,-0.82
1BNIA,A,32,H,6.3,25.0,-0.75
1BNIA,A,32,I,6.3,25.0,-0.74
1BNIA,A,32,K,6.3,25.0,-0.15
1BNIA,A,32,L,6.3,25.0,-0.11
1BNIA,A,32,M,6.3,25.0,-0.19
1BNIA,A,32,N,6.3,25.0,-0.51
1BNIA,A,32,Q,6.3,25.0,-0.43
1BNIA,A,32,R,6.3,25.0,-0.15
1BNIA,A,32,S,6.3,25.0,-0.28
1BNIA,A,32,T,6.3,25.0,-0.64
1BNIA,A,32,V,6.3,25.0,-0.62
1BNIA,A,32,W,6.3,25.0,-1.07
1BNIA,A,32,Y,6.3,25.0,-0.75
1BNIA,L,33,Q,6.3,25.0,-1.34
1BNIA,G,34,A,6.3,25.0,-2.91
1BNIA,G,34,D,6.3,25.0,-3.30
1BNIA,G,34,H,6.6,25.0,-2.62
1BNIA,G,34,K,6.3,25.0,-2.91
1BNIA,G,34,N,6.3,25.0,-2.72
1BNIA,G,34,R,6.3,25.0,-2.61
1BNIA,G,34,S,6.3,25.0,-3.05
1BNIA,G,34,T,6.3,25.0,-3.28
1BNIA,V,36,A,6.3,25.0,-1.40
1BNIA,V,36,T,6.3,25.0,-1.11
1BNIA,N,41,D,6.3,25.0,-2.54
1BNIA,D,44,E,6.3,25.0,-0.11
1BNIA,V,45,A,6.3,25.0,-1.61
1BNIA,V,45,T,6.3,25.0,-2.34
1BNIA,I,51,A,6.3,25.0,-4.71
1BNIA,I,51,V,5.9,25.0,-1.66
1BNIA,G,53,A,6.3,54.1,-3.40
1BNIA,D,54,A,6.3,25.0,-3.04
1BNIA,D,54,N,6.0,25.0,-2.42
1BNIA,I,55,A,6.3,25.0,-1.29
1BNIA,I,55,T,6.3,25.0,-0.94
1BNIA,I,55,V,6.3,25.0,-0.37
1BNIA,S,57,A,6.3,25.0,0.15
1BNIA,N,58,A,6.3,25.0,-2.27
1BNIA,N,58,D,6.3,25.0,0.40
1BNIA,R,59,A,6.3,25.0,0.64
1BNIA,K,62,R,6.3,25.0,-0.35
1BNIA,G,65,S,6.3,25.0,0.74
1BNIA,K,66,A,6.3,25.0,0.59
1BNIA,R,69,K,6.3,25.0,-3.20
1BNIA,R,69,M,5.5,25.0,-2.04
1BNIA,R,69,S,6.3,25.0,-2.83
1BNIA,E,73,A,6.3,25.0,-2.40
1BNIA,E,73,F,6.3,25.0,-2.10
1BNIA,E,73,Q,6.3,25.0,-2.70
1BNIA,E,73,W,6.3,25.0,-2.20
1BNIA,I,76,A,6.3,25.0,-1.71
1BNIA,I,76,T,6.3,25.0,-2.64
1BNIA,I,76,V,6.3,25.0,-0.87
1BNIA,N,77,A,6.3,25.0,-1.63
1BNIA,Y,78,F,6.3,25.0,-1.35
1BNIA,T,79,V,6.3,25.0,0.24
1BNIA,R,83,K,6.3,25.0,-4.43
1BNIA,R,83,Q,5.5,25.0,-1.47
1BNIA,N,84,A,6.3,25.0,-1.94
1BNIA,S,85,A,6.3,25.0,0.08
1BNIA,I,88,A,6.3,29.9,-4.01
1BNIA,I,88,L,6.3,25.0,-0.16
1BNIA,I,88,V,6.1,29.0,-1.41
1BNIA,L,89,T,6.3,25.0,-2.82
1BNIA,L,89,V,6.3,25.0,-0.30
1BNIA,S,91,A,5.7,25.0,-1.84
1BNIA,S,92,A,5.9,25.0,-2.89
1BNIA,D,93,N,6.3,25.0,-4.03
1BNIA,W,94,F,7.3,25.0,-1.04
1BNIA,W,94,L,7.8,25.0,-1.12
1BNIA,W,94,Y,7.3,25.0,-1.24
1BNIA,I,96,A,6.3,28.4,-3.31
1BNIA,I,96,V,5.9,28.1,-0.97
1BNIA,T,99,V,6.3,25.0,-2.87
1BNIA,H,102,A,6.3,25.0,-0.24
1BNIA,Y,103,F,6.3,25.0,-0.06
1BNIA,Q,104,A,6.3,25.0,-0.13
1BNIA,T,105,V,6.3,25.0,-2.21
1BNIA,K,108,R,6.3,25.0,0.84
1BNIA,I,109,A,6.3,25.0,-1.74
1BNIA,I,109,V,6.3,25.0,-0.80
1BNIA,R,110,A,6.3,25.0,-0.10
1BOYA,R,200,W,7.5,23.0,0.60
1BTAA,K,21,A,8.0,25.0,-1.04
1BTAA,K,21,Q,8.0,25.0,-1.09
1BTAA,K,22,Q,8.0,25.0,-0.79
1BTAA,C,40,A,7.0,25.0,0.10
1BTAA,E,57,K,8.0,25.0,-0.70
1BTAA,K,60,E,8.0,25.0,-1.17
1BTAA,K,60,L,8.0,25.0,0.55
1BTAA,R,75,L,8.0,25.0,0.75
1BTAA,R,75,Q,8.0,25.0,-0.37
1BTAA,K,78,A,8.0,25.0,-0.05
1BTAA,K,78,Q,8.0,25.0,0.38
1BTAA,C,82,A,7.2,25.0,-0.10
1BVCA,W,7,F,7.8,4.0,-0.90
1BVCA,W,14,F,7.8,4.0,-1.10
1BVCA,H,24,V,7.0,0.0,-0.52
1BVCA,I,28,A,6.6,36.8,-0.86
1BVCA,I,28,L,11.0,76.5,-0.60
1BVCA,I,28,M,11.0,76.5,-0.60
1BVCA,I,28,V,11.0,76.5,0.00
1BVCA,L,29,A,6.6,36.8,-0.63
1BVCA,L,29,I,11.0,76.5,-1.10
1BVCA,L,29,M,11.0,76.5,0.10
1BVCA,L,29,V,11.0,76.5,-1.70
1BVCA,I,30,A,5.2,25.0,-0.65
1BVCA,L,32,A,5.2,25.0,-0.92
1BVCA,H,36,Q,7.8,3.7,-0.83
1BVCA,H,48,Q,7.0,0.0,-0.62
1BVCA,L,49,I,11.0,76.5,-0.80
1BVCA,H,64,Q,7.0,0.0,-0.45
1BVCA,V,68,T,7.8,4.0,-0.60
1BVCA,L,69,A,11.0,76.5,-1.20
1BVCA,L,69,I,11.0,76.5,0.00
1BVCA,L,69,M,11.0,76.5,0.00
1BVCA,L,69,V,11.0,76.5,-0.10
1BVCA,H,82,Q,7.0,0.0,-0.05
1BVCA,H,93,G,7.0,0.0,0.04
1BVCA,I,111,A,11.0,76.5,-1.80
1BVCA,I,111,L,11.0,76.5,-0.60
1BVCA,I,111,M,11.0,76.5,-1.10
1BVCA,H,113,Q,7.0,0.0,-0.26
1BVCA,H,119,F,7.0,0.0,-0.68
1BVCA,F,123,K,7.8,4.0,-2.10
1BVCA,F,123,T,7.5,0.0,-2.62
1BVCA,A,130,K,7.8,3.8,-2.17
1BVCA,A,130,L,7.8,3.8,-0.99
1BVCA,M,131,A,7.8,4.0,-2.20
1BVCA,L,135,I,11.0,76.5,-1.50
1BVCA,L,135,M,11.0,76.5,-0.80
1BVCA,L,135,V,11.0,76.5,-2.20
1BVCA,I,142,A,11.0,76.5,-1.10
1BVCA,I,142,L,11.0,76.5,0.60
1BVCA,I,142,M,11.0,76.5,0.90
1BVCA,I,142,V,11.0,76.5,-0.10
1C9OA,Q,2,L,7.0,47.6,0.48
1C9OA,R,3,A,7.0,70.0,-1.88
1C9OA,R,3,E,7.0,47.6,-1.46
1C9OA,R,3,K,7.0,70.0,-0.19
1C9OA,R,3,L,7.0,47.6,-0.11
1C9OA,N,11,S,7.0,47.6,0.11
1C9OA,E,12,K,7.0,75.0,-0.32
1C9OA,Y,15,F,7.0,47.6,-0.05
1C9OA,E,21,A,7.0,70.0,-0.29
1C9OA,E,21,K,7.0,75.0,-0.31
1C9OA,G,23,Q,7.0,47.6,-0.13
1C9OA,S,24,D,7.0,47.6,0.17
1C9OA,H,29,E,7.0,75.0,-0.61
1C9OA,T,31,S,7.0,47.6,0.10
1C9OA,E,36,K,7.0,75.0,-0.45
1C9OA,F,38,W,7.0,25.0,0.24
1C9OA,E,46,A,7.0,47.6,0.01
1C9OA,E,46,K,7.0,75.0,-0.57
1C9OA,E,50,K,7.0,75.0,-0.58
1C9OA,E,50,W,7.0,25.0,0.07
1C9OA,Q,53,E,7.0,47.6,-0.03
1C9OA,N,55,K,7.0,75.0,-0.03
1C9OA,R,56,E,7.0,75.0,0.69
1C9OA,V,64,T,7.0,47.6,-0.30
1C9OA,L,66,E,7.0,47.6,-0.97
1CAHA,W,5,F,7.5,23.0,-1.80
1CAHA,C,206,S,7.5,23.0,2.35
1CEYA,D,12,A,7.0,25.0,2.50
1CEYA,D,13,A,7.0,25.0,2.70
1CEYA,F,14,N,7.5,25.0,2.64
1CEYA,A,48,G,8.0,25.0,0.06
1CEYA,D,57,A,7.0,25.0,3.30
1CEYA,A,74,G,8.0,25.0,-0.31
1CEYA,A,77,G,8.0,25.0,-0.31
1CEYA,A,80,G,8.0,25.0,0.43
1CEYA,A,88,G,8.0,25.0,0.04
1CEYA,A,90,G,8.0,25.0,0.35
1CEYA,A,99,G,8.0,25.0,-0.48
1CEYA,A,101,G,8.0,25.0,-0.95
1CEYA,A,113,G,8.0,25.0,-0.75
1CEYA,A,114,G,8.0,25.0,-0.50
1CHKA,W,28,F,7.0,43.2,-4.43
1CHKA,W,101,F,7.0,43.2,-4.27
1CHKA,W,227,F,7.0,43.2,-2.51
1CSEI,V,14,A,7.0,25.0,-1.04
1CSEI,V,18,A,7.0,25.0,-1.20
1CSEI,L,27,A,7.0,25.0,-0.16
1CSEI,V,54,A,7.0,25.0,-1.58
1CSEI,V,62,A,7.0,25.0,-1.01
1CSPA,M,1,R,7.0,70.0,1.75
1CSPA,E,3,K,7.0,70.0,2.75
1CSPA,E,3,L,7.0,70.0,1.59
1CSPA,E,3,Q,7.5,55.0,1.14
1CSPA,E,3,R,7.3,52.8,1.77
1CSPA,N,10,D,7.5,55.0,0.38
1CSPA,F,15,A,7.0,43.3,-2.07
1CSPA,F,17,A,7.0,43.3,-1.47
1CSPA,D,25,Q,7.5,55.0,-0.79
1CSPA,F,27,A,7.0,43.3,-0.84
1CSPA,F,38,A,7.0,42.5,0.22
1CSPA,E,43,S,7.0,70.0,0.29
1CSPA,A,46,E,7.0,70.0,-0.59
1CSPA,A,46,K,7.0,70.0,1.41
1CSPA,S,48,E,7.5,55.0,0.04
1CSPA,S,48,R,7.0,70.0,1.58
1CSPA,E,50,Q,7.5,55.0,-1.16
1CSPA,R,56,Q,7.5,55.0,0.28
1CSPA,K,65,I,7.0,70.0,1.53
1CSPA,E,66,K,7.0,70.0,2.18
1CSPA,E,66,L,7.0,47.6,1.60
1CUNA,Q,115,A,7.0,25.0,-0.15
1CUNA,Q,115,G,7.0,25.0,-1.15
1CUNA,F,117,L,7.0,25.0,-2.55
1CUNA,A,119,G,7.0,25.0,-1.75
1CUNA,A,126,G,7.0,25.0,-1.65
1CUNA,I,128,A,7.0,25.0,-1.65
1CUNA,I,128,V,7.0,25.0,-2.85
1CUNA,K,152,A,7.0,25.0,-0.15
1CUNA,K,152,G,7.0,25.0,-1.45
1CUNA,A,156,G,7.0,25.0,-1.45
1CUNA,F,157,L,7.0,25.0,-1.85
1CUNA,V,163,A,7.0,25.0,0.15
1CUNA,V,163,G,7.0,25.0,-0.85
1CUNA,H,164,A,7.0,25.0,-2.35
1CUNA,V,171,A,7.0,25.0,-1.55
1CUNA,A,173,G,7.0,25.0,-1.95
1CUNA,A,191,G,7.0,25.0,-1.35
1CUNA,M,193,A,7.0,25.0,-2.65
1CUNA,L,196,A,7.0,25.0,-4.55
1CUNA,G,198,A,7.0,25.0,0.45
1CUNA,S,201,A,7.0,25.0,0.15
1CUNA,S,201,G,7.0,25.0,-0.95
1CUNA,L,203,A,7.0,25.0,-4.05
1CUNA,A,206,G,7.0,25.0,-2.25
1CUNA,A,212,G,7.0,25.0,-1.45
1CUNA,L,214,A,7.0,25.0,-3.65
1DKTA,I,6,V,7.5,10.0,-0.57
1DKTA,Y,8,A,7.5,10.0,-0.68
1DKTA,S,9,A,7.5,10.0,-0.43
1DKTA,K,11,A,7.5,10.0,0.62
1DKTA,F,17,L,7.5,10.0,-2.58
1DKTA,E,18,A,7.5,10.0,-0.81
1DKTA,V,22,A,7.5,10.0,-1.36
1DKTA,V,32,A,7.5,10.0,-1.07
1DKTA,S,39,A,7.5,10.0,-0.60
1DKTA,L,46,A,7.5,10.0,-2.04
1DKTA,V,55,A,7.5,10.0,-0.73
1DKTA,V,55,G,7.5,10.0,-2.04
1DKTA,M,58,L,7.5,10.0,-0.23
1DKTA,H,65,A,7.5,10.0,-0.51
1DKTA,L,67,A,7.5,10.0,-1.98
1DKTA,R,70,A,7.5,10.0,-2.80
1DKTA,R,71,A,7.5,10.0,-0.59
1E65A,V,5,A,7.0,25.0,0.00
1E65A,I,7,A,7.0,25.0,-3.11
1E65A,I,7,S,7.3,26.5,-3.44
1E65A,I,20,A,7.0,25.0,-1.56
1E65A,I,20,T,7.0,25.0,-2.39
1E65A,I,20,V,7.0,25.0,-0.38
1E65A,V,22,A,7.0,25.0,-1.44
1E65A,V,22,T,7.0,25.0,-0.96
1E65A,V,31,T,7.0,25.0,-1.08
1E65A,H,46,G,7.0,20.0,-2.50
1E65A,L,50,T,7.0,25.0,-2.34
1E65A,L,50,V,7.0,25.0,-0.36
1E65A,V,60,G,7.0,25.0,-3.11
1E65A,I,81,A,7.0,25.0,-2.39
1E65A,I,81,T,7.0,25.0,-2.51
1E65A,I,81,V,7.0,25.0,-0.07
1E65A,A,82,G,7.0,25.0,-3.11
1E65A,V,95,T,7.0,25.0,0.96
1E65A,F,110,S,7.3,26.5,-3.95
1E65A,H,117,G,7.0,20.0,-2.18
1E65A,L,125,A,7.0,25.0,-0.72
1EY0A,K,6,A,7.0,20.0,0.19
1EY0A,K,6,G,7.0,20.0,0.25
1EY0A,L,7,A,7.0,20.0,-1.35
1EY0A,L,7,G,7.0,20.0,-1.26
1EY0A,L,7,I,7.0,20.0,-0.77
1EY0A,L,7,V,7.0,20.0,-1.15
1EY0A,H,8,A,7.0,20.0,-0.48
1EY0A,H,8,G,7.0,20.0,-0.85
1EY0A,K,9,A,7.0,20.0,-1.38
1EY0A,K,9,F,7.0,20.0,-1.03
1EY0A,K,9,G,7.0,20.0,-1.88
1EY0A,E,10,A,7.0,20.0,-1.34
1EY0A,E,10,G,7.0,20.0,-1.86
1EY0A,E,10,K,7.0,20.0,-1.98
1EY0A,E,10,Q,7.0,20.0,-0.97
1EY0A,A,12,G,7.0,20.0,-2.37
1EY0A,A,12,V,7.0,20.0,-0.89
1EY0A,T,13,A,7.0,20.0,-0.73
1EY0A,T,13,C,7.0,20.0,-1.20
1EY0A,T,13,G,7.0,20.0,-1.16
1EY0A,T,13,I,7.0,20.0,-0.05
1EY0A,T,13,S,7.0,20.0,-0.35
1EY0A,T,13,V,7.0,20.0,-0.26
1EY0A,L,14,A,7.0,20.0,-2.38
1EY0A,L,14,G,7.0,20.0,-3.84
1EY0A,L,14,I,7.0,20.0,-1.60
1EY0A,L,14,V,7.0,20.0,-1.63
1EY0A,I,15,A,7.0,20.0,-2.73
1EY0A,I,15,G,7.0,20.0,-3.43
1EY0A,I,15,L,7.0,20.0,-0.62
1EY0A,I,15,M,7.0,20.0,-0.15
1EY0A,I,15,V,7.0,20.0,-0.88
1EY0A,K,16,A,7.0,20.0,-0.06
1EY0A,K,16,F,7.0,20.0,-0.38
1EY0A,K,16,G,7.0,20.0,-0.76
1EY0A,A,17,G,7.0,20.0,0.19
1EY0A,A,17,V,7.0,20.0,-1.94
1EY0A,I,18,A,7.0,20.0,-2.65
1EY0A,I,18,G,7.0,20.0,-2.63
1EY0A,I,18,L,7.0,20.0,-0.14
1EY0A,I,18,M,6.7,23.6,-0.68
1EY0A,I,18,V,7.0,20.0,-0.96
1EY0A,D,19,A,7.0,20.0,-0.09
1EY0A,D,19,F,7.0,20.0,-1.28
1EY0A,D,19,G,7.0,20.0,-0.42
1EY0A,D,19,K,7.0,20.0,-0.41
1EY0A,D,19,N,7.0,20.0,0.07
1EY0A,G,20,A,7.0,20.0,-0.12
1EY0A,G,20,V,7.0,20.0,-2.18
1EY0A,D,21,A,7.0,20.0,0.83
1EY0A,D,21,G,7.0,20.0,0.46
1EY0A,D,21,K,7.0,20.0,1.10
1EY0A,D,21,N,7.0,20.0,1.43
1EY0A,T,22,A,7.0,20.0,-1.69
1EY0A,T,22,C,7.0,20.0,-0.95
1EY0A,T,22,G,7.0,20.0,-2.54
1EY0A,T,22,I,7.0,20.0,-0.61
1EY0A,T,22,S,7.0,20.0,-0.74
1EY0A,T,22,V,7.0,20.0,-0.85
1EY0A,V,23,A,6.2,22.5,-2.70
1EY0A,V,23,F,6.2,29.2,-1.93
1EY0A,V,23,I,7.0,20.0,0.03
1EY0A,V,23,L,7.0,20.0,-0.02
1EY0A,V,23,S,7.0,20.0,-4.76
1EY0A,V,23,T,7.0,20.0,-3.34
1EY0A,K,24,A,7.0,20.0,-0.34
1EY0A,K,24,F,7.0,20.0,-0.40
1EY0A,K,24,G,7.0,20.0,-1.60
1EY0A,L,25,A,6.4,40.2,-2.77
1EY0A,L,25,G,7.0,20.0,-4.58
1EY0A,L,25,I,7.0,20.0,-1.83
1EY0A,L,25,V,7.0,20.0,-1.85
1EY0A,M,26,A,7.0,20.0,-1.61
1EY0A,M,26,G,6.2,22.5,-1.95
1EY0A,M,26,I,7.0,20.0,-0.84
1EY0A,M,26,L,7.0,20.0,-0.31
1EY0A,Y,27,A,7.0,20.0,-3.63
1EY0A,Y,27,C,7.0,20.0,-2.72
1EY0A,Y,27,F,7.0,20.0,-0.40
1EY0A,Y,27,H,7.0,20.0,-1.86
1EY0A,Y,27,I,7.0,20.0,-2.28
1EY0A,Y,27,K,7.0,20.0,-3.78
1EY0A,Y,27,L,7.0,20.0,-1.55
1EY0A,Y,27,M,7.0,20.0,-1.94
1EY0A,Y,27,N,7.0,20.0,-3.83
1EY0A,Y,27,Q,7.0,20.0,-3.31
1EY0A,Y,27,R,7.0,20.0,-3.05
1EY0A,Y,27,S,7.0,20.0,-3.21
1EY0A,Y,27,T,7.0,20.0,-3.18
1EY0A,Y,27,V,7.0,20.0,-2.65
1EY0A,Y,27,W,7.0,20.0,-0.72
1EY0A,K,28,A,7.0,20.0,-0.70
1EY0A,K,28,E,7.0,20.0,-0.79
1EY0A,K,28,F,7.0,20.0,-0.85
1EY0A,K,28,G,7.0,20.0,-0.80
1EY0A,K,28,Q,7.0,20.0,-0.28
1EY0A,G,29,A,7.0,20.0,-1.41
1EY0A,G,29,C,7.0,20.0,-1.26
1EY0A,G,29,F,7.0,20.0,-1.46
1EY0A,G,29,V,7.0,20.0,-3.11
1EY0A,Q,30,A,7.0,20.0,-0.25
1EY0A,Q,30,G,7.0,20.0,-0.93
1EY0A,M,32,A,7.0,20.0,-1.81
1EY0A,M,32,G,7.0,20.0,-2.54
1EY0A,M,32,I,7.0,20.0,-0.56
1EY0A,M,32,L,7.0,20.0,-0.76
1EY0A,T,33,A,7.0,20.0,-1.52
1EY0A,T,33,C,7.0,20.0,-1.04
1EY0A,T,33,G,7.0,20.0,-2.62
1EY0A,T,33,I,7.0,20.0,0.73
1EY0A,T,33,S,7.0,20.0,-1.35
1EY0A,T,33,V,7.0,20.0,0.47
1EY0A,F,34,A,7.0,20.0,-3.80
1EY0A,R,35,A,7.0,20.0,-1.38
1EY0A,R,35,G,7.0,20.0,-2.26
1EY0A,L,36,A,7.0,20.0,-3.66
1EY0A,L,36,I,7.0,20.0,-3.09
1EY0A,L,36,V,7.0,20.0,-3.58
1EY0A,L,37,A,7.0,20.0,-1.51
1EY0A,L,37,G,7.0,20.0,-3.79
1EY0A,L,37,I,7.0,20.0,-1.82
1EY0A,L,37,V,7.0,20.0,-2.78
1EY0A,L,38,A,7.0,20.0,-1.51
1EY0A,L,38,G,7.0,20.0,-0.28
1EY0A,L,38,I,7.0,20.0,-2.06
1EY0A,L,38,V,7.0,20.0,-0.14
1EY0A,V,39,A,7.0,20.0,-2.16
1EY0A,V,39,G,7.0,20.0,-4.61
1EY0A,V,39,I,7.0,20.0,0.11
1EY0A,V,39,L,7.0,20.0,-0.90
1EY0A,V,39,S,7.0,20.0,-2.44
1EY0A,V,39,T,7.0,20.0,-1.55
1EY0A,D,40,A,7.0,20.0,0.41
1EY0A,D,40,G,7.0,20.0,-0.38
1EY0A,T,41,A,7.0,20.0,0.07
1EY0A,T,41,C,7.0,20.0,0.74
1EY0A,T,41,G,7.0,20.0,-1.79
1EY0A,T,41,I,7.0,20.0,0.86
1EY0A,T,41,S,7.0,20.0,-0.88
1EY0A,T,41,V,7.0,20.0,0.90
1EY0A,E,43,A,7.0,20.0,0.32
1EY0A,E,43,D,7.0,20.0,0.20
1EY0A,E,43,G,7.0,20.0,0.59
1EY0A,T,44,A,7.0,20.0,-0.23
1EY0A,T,44,C,7.0,20.0,-0.04
1EY0A,T,44,G,7.0,20.0,-0.37
1EY0A,T,44,I,7.0,20.0,-0.56
1EY0A,T,44,S,7.0,20.0,0.04
1EY0A,T,44,V,7.0,20.0,0.09
1EY0A,K,45,A,7.0,20.0,0.19
1EY0A,K,45,G,7.0,20.0,0.20
1EY0A,H,46,A,7.0,20.0,-0.45
1EY0A,H,46,G,7.0,20.0,-0.17
1EY0A,H,46,Y,5.4,40.0,0.00
1EY0A,K,48,A,7.0,20.0,0.09
1EY0A,K,48,E,7.0,20.0,0.10
1EY0A,K,48,F,7.0,20.0,-0.25
1EY0A,K,48,G,7.0,20.0,0.24
1EY0A,K,48,Q,7.0,20.0,-0.02
1EY0A,K,49,A,7.0,20.0,-0.25
1EY0A,K,49,F,7.0,20.0,0.20
1EY0A,K,49,G,7.0,20.0,-0.10
1EY0A,G,50,A,7.0,20.0,0.16
1EY0A,G,50,C,7.0,20.0,-0.75
1EY0A,G,50,F,7.0,20.0,-0.55
1EY0A,G,50,V,7.0,20.0,-1.00
1EY0A,V,51,A,7.0,20.0,-0.05
1EY0A,V,51,G,7.0,20.0,-0.17
1EY0A,V,51,I,7.0,20.0,0.09
1EY0A,V,51,L,7.0,20.0,-0.10
1EY0A,V,51,S,7.0,20.0,0.01
1EY0A,V,51,T,7.0,20.0,0.20
1EY0A,E,52,A,7.0,20.0,-0.05
1EY0A,E,52,F,7.0,20.0,-0.51
1EY0A,E,52,G,7.0,20.0,-0.27
1EY0A,K,53,A,7.0,20.0,-0.17
1EY0A,K,53,G,7.0,20.0,-0.08
1EY0A,Y,54,A,7.0,20.0,-1.97
1EY0A,Y,54,F,7.0,20.0,-0.38
1EY0A,Y,54,G,7.0,20.0,-1.72
1EY0A,Y,54,L,7.0,20.0,-3.31
1EY0A,G,55,A,7.0,20.0,-0.44
1EY0A,G,55,V,7.0,20.0,-1.48
1EY0A,E,57,A,7.0,20.0,-0.10
1EY0A,E,57,C,7.0,20.0,-0.64
1EY0A,E,57,F,7.0,20.0,-0.79
1EY0A,E,57,G,7.0,20.0,-1.41
1EY0A,E,57,K,7.0,20.0,0.01
1EY0A,E,57,Q,7.0,20.0,-0.14
1EY0A,A,58,G,7.0,20.0,-2.53
1EY0A,A,58,V,7.0,20.0,-2.63
1EY0A,S,59,A,7.0,20.0,0.62
1EY0A,S,59,F,7.0,20.0,0.56
1EY0A,S,59,G,7.0,20.0,-1.03
1EY0A,A,60,C,7.0,20.0,-1.12
1EY0A,A,60,F,7.0,20.0,-0.80
1EY0A,A,60,G,7.0,20.0,-1.45
1EY0A,A,60,V,7.0,20.0,-2.68
1EY0A,F,61,A,7.0,20.0,-2.34
1EY0A,F,61,G,7.0,20.0,-4.76
1EY0A,T,62,A,7.0,20.0,-2.23
1EY0A,T,62,C,7.0,20.0,-1.05
1EY0A,T,62,G,7.0,20.0,-3.52
1EY0A,T,62,I,7.0,20.0,-1.17
1EY0A,T,62,S,7.0,20.0,-2.15
1EY0A,T,62,V,7.0,20.0,0.10
1EY0A,K,63,A,7.0,20.0,-0.32
1EY0A,K,63,E,7.0,20.0,-1.47
1EY0A,K,63,F,7.0,20.0,-1.83
1EY0A,K,63,G,7.0,20.0,-1.57
1EY0A,K,63,Q,7.0,20.0,-0.89
1EY0A,K,64,A,7.0,20.0,0.16
1EY0A,K,64,E,7.0,20.0,-1.68
1EY0A,K,64,F,7.0,20.0,-0.09
1EY0A,K,64,G,7.0,20.0,-0.51
1EY0A,K,64,Q,7.0,20.0,0.00
1EY0A,M,65,A,7.0,20.0,-2.06
1EY0A,M,65,F,7.0,20.0,-1.62
1EY0A,M,65,G,7.0,20.0,-4.66
1EY0A,M,65,I,7.0,20.0,-1.43
1EY0A,M,65,L,7.0,20.0,-0.73
1EY0A,V,66,A,7.0,20.0,-2.34
1EY0A,V,66,G,7.0,20.0,-4.49
1EY0A,V,66,I,7.0,20.0,-0.76
1EY0A,V,66,K,9.2,20.0,-4.83
1EY0A,V,66,L,6.8,28.9,0.37
1EY0A,V,66,M,8.2,20.0,-0.14
1EY0A,V,66,S,7.0,20.0,-3.09
1EY0A,V,66,T,7.0,20.0,-1.34
1EY0A,V,66,W,7.0,20.0,-2.69
1EY0A,E,67,A,7.0,20.0,-1.05
1EY0A,E,67,F,7.0,20.0,-1.33
1EY0A,E,67,G,7.0,20.0,-1.00
1EY0A,E,67,Q,7.0,20.0,-0.57
1EY0A,N,68,A,7.0,20.0,-0.38
1EY0A,N,68,G,7.0,20.0,-0.35
1EY0A,A,69,G,7.0,20.0,-2.10
1EY0A,A,69,T,7.0,20.0,-3.03
1EY0A,A,69,V,7.0,20.0,-2.80
1EY0A,K,70,A,7.0,20.0,-0.16
1EY0A,K,70,C,7.0,20.0,-0.48
1EY0A,K,70,E,7.0,20.0,-0.30
1EY0A,K,70,F,7.0,20.0,-0.03
1EY0A,K,70,G,7.0,20.0,-0.60
1EY0A,K,70,Q,7.0,20.0,-0.25
1EY0A,K,70,W,7.0,20.0,-0.40
1EY0A,K,71,A,7.0,20.0,-0.55
1EY0A,K,71,F,7.0,20.0,0.04
1EY0A,K,71,G,7.0,20.0,-1.31
1EY0A,I,72,L,7.0,20.0,-0.23
1EY0A,I,72,M,7.0,20.0,-1.88
1EY0A,I,72,V,7.0,20.0,-1.79
1EY0A,E,73,A,7.0,20.0,-1.46
1EY0A,E,73,F,7.0,20.0,-0.88
1EY0A,E,73,G,7.0,20.0,-2.76
1EY0A,E,73,K,7.0,20.0,-2.06
1EY0A,E,73,Q,7.0,20.0,-0.64
1EY0A,V,74,A,7.0,20.0,-3.23
1EY0A,V,74,I,7.0,20.0,-1.91
1EY0A,V,74,L,7.0,20.0,-1.12
1EY0A,V,74,T,7.0,20.0,-3.88
1EY0A,E,75,A,6.2,22.5,-1.69
1EY0A,E,75,G,7.0,20.0,-3.43
1EY0A,E,75,K,7.0,20.0,-2.22
1EY0A,E,75,Q,7.0,20.0,-0.61
1EY0A,E,75,V,7.0,20.0,-2.31
1EY0A,F,76,A,7.0,20.0,-4.10
1EY0A,F,76,G,7.0,20.0,-4.73
1EY0A,D,77,A,6.5,21.6,-2.39
1EY0A,D,77,G,7.0,20.0,-1.81
1EY0A,D,77,K,7.0,20.0,-3.28
1EY0A,D,77,N,7.0,20.0,-2.69
1EY0A,K,78,A,7.0,20.0,-0.50
1EY0A,K,78,C,7.0,20.0,-0.26
1EY0A,K,78,E,7.0,20.0,-0.69
1EY0A,K,78,F,7.0,20.0,0.05
1EY0A,K,78,G,7.0,20.0,-1.07
1EY0A,K,78,Q,7.0,20.0,-0.15
1EY0A,G,79,A,7.0,20.0,-2.17
1EY0A,G,79,D,7.0,20.0,-2.28
1EY0A,G,79,S,6.5,31.5,-2.14
1EY0A,G,79,V,7.0,20.0,-2.23
1EY0A,Q,80,A,7.0,20.0,-0.02
1EY0A,Q,80,F,7.0,20.0,-0.58
1EY0A,Q,80,G,7.0,20.0,-1.25
1EY0A,R,81,A,7.0,20.0,-1.10
1EY0A,R,81,G,7.0,20.0,-2.06
1EY0A,T,82,A,7.0,20.0,-0.89
1EY0A,T,82,C,7.0,20.0,-0.19
1EY0A,T,82,G,7.0,20.0,-2.03
1EY0A,T,82,I,7.0,20.0,0.51
1EY0A,T,82,S,7.0,20.0,-0.75
1EY0A,T,82,V,7.0,20.0,0.24
1EY0A,D,83,A,7.0,20.0,-3.76
1EY0A,D,83,G,7.0,20.0,-2.64
1EY0A,K,84,A,7.0,20.0,0.10
1EY0A,K,84,E,7.0,20.0,0.00
1EY0A,K,84,F,7.0,20.0,-0.75
1EY0A,K,84,G,7.0,20.0,-0.39
1EY0A,K,84,Q,7.0,20.0,-0.15
1EY0A,Y,85,A,7.0,20.0,-0.41
1EY0A,Y,85,F,7.0,20.0,-0.07
1EY0A,Y,85,G,7.0,20.0,-1.05
1EY0A,Y,85,L,7.0,20.0,-0.15
1EY0A,G,86,A,7.0,20.0,-0.31
1EY0A,G,86,F,7.0,20.0,-1.99
1EY0A,G,86,V,7.0,20.0,-3.74
1EY0A,R,87,A,7.0,20.0,-0.79
1EY0A,R,87,G,7.0,20.0,-2.53
1EY0A,G,88,A,7.0,20.0,0.19
1EY0A,G,88,V,6.8,28.9,-0.24
1EY0A,G,88,W,7.0,20.0,-0.10
1EY0A,L,89,A,7.0,20.0,-2.60
1EY0A,L,89,F,5.4,40.0,-1.20
1EY0A,L,89,G,7.0,20.0,-3.18
1EY0A,L,89,I,7.0,20.0,-1.04
1EY0A,L,89,V,7.0,20.0,-1.42
1EY0A,A,90,G,7.0,20.0,-1.92
1EY0A,A,90,S,6.7,30.3,-2.24
1EY0A,A,90,V,7.0,20.0,0.04
1EY0A,Y,91,F,7.0,20.0,-2.27
1EY0A,Y,91,L,7.0,20.0,-3.83
1EY0A,I,92,A,7.0,20.0,-4.12
1EY0A,I,92,L,7.0,20.0,-0.60
1EY0A,I,92,M,7.0,20.0,-1.75
1EY0A,I,92,V,7.0,20.0,-0.46
1EY0A,Y,93,F,7.0,20.0,-1.81
1EY0A,Y,93,L,7.0,20.0,-4.53
1EY0A,A,94,G,7.0,20.0,-2.54
1EY0A,A,94,V,7.0,20.0,-1.13
1EY0A,D,95,A,7.0,20.0,-3.50
1EY0A,D,95,G,7.0,20.0,-2.93
1EY0A,G,96,A,7.0,20.0,-1.80
1EY0A,G,96,F,7.0,20.0,-2.55
1EY0A,G,96,V,7.0,20.0,-3.74
1EY0A,K,97,A,7.0,20.0,-0.22
1EY0A,K,97,E,7.0,20.0,-0.47
1EY0A,K,97,F,7.0,20.0,-0.58
1EY0A,K,97,G,7.0,20.0,-1.85
1EY0A,K,97,Q,7.0,20.0,-0.30
1EY0A,M,98,A,7.0,20.0,-4.43
1EY0A,M,98,G,7.0,20.0,-4.44
1EY0A,M,98,I,7.0,20.0,-4.39
1EY0A,M,98,L,7.0,20.0,-2.30
1EY0A,V,99,A,7.0,20.0,-3.35
1EY0A,V,99,I,7.0,20.0,-0.14
1EY0A,V,99,L,7.0,20.0,-0.15
1EY0A,V,99,T,7.0,20.0,-3.36
1EY0A,N,100,G,7.0,20.0,-4.98
1EY0A,E,101,A,7.0,20.0,-1.36
1EY0A,E,101,F,7.0,20.0,-2.74
1EY0A,E,101,G,7.0,20.0,-2.47
1EY0A,A,102,F,7.0,20.0,-1.71
1EY0A,A,102,G,7.0,20.0,-1.37
1EY0A,A,102,V,7.0,20.0,-1.84
1EY0A,L,103,A,7.0,20.0,-4.60
1EY0A,L,103,I,7.0,20.0,-1.11
1EY0A,L,103,V,7.0,20.0,-2.05
1EY0A,V,104,A,7.0,20.0,-2.82
1EY0A,V,104,I,7.0,20.0,0.27
1EY0A,V,104,L,7.0,20.0,-0.76
1EY0A,V,104,S,7.0,20.0,-4.86
1EY0A,V,104,T,7.0,20.0,-2.45
1EY0A,R,105,A,7.0,20.0,-1.32
1EY0A,R,105,C,7.0,20.0,-2.55
1EY0A,R,105,F,7.0,20.0,-2.84
1EY0A,R,105,G,7.0,20.0,-2.40
1EY0A,Q,106,A,7.0,20.0,0.25
1EY0A,Q,106,G,7.0,20.0,-1.50
1EY0A,G,107,A,7.0,20.0,-4.41
1EY0A,L,108,I,7.0,20.0,-3.34
1EY0A,L,108,V,7.0,20.0,-3.81
1EY0A,A,109,G,7.0,20.0,-0.98
1EY0A,A,109,V,7.0,20.0,-2.82
1EY0A,K,110,A,7.0,20.0,-1.13
1EY0A,K,110,G,7.0,20.0,-2.59
1EY0A,V,111,A,7.0,20.0,-4.26
1EY0A,V,111,G,7.0,20.0,-4.82
1EY0A,V,111,I,7.0,20.0,-0.74
1EY0A,V,111,L,7.0,20.0,-0.88
1EY0A,V,111,S,7.0,20.0,-4.71
1EY0A,V,111,T,7.0,20.0,-2.36
1EY0A,A,112,C,7.0,20.0,-0.75
1EY0A,A,112,F,7.0,20.0,-1.35
1EY0A,A,112,G,7.0,20.0,0.20
1EY0A,A,112,V,7.0,20.0,-1.19
1EY0A,Y,113,A,7.0,20.0,0.06
1EY0A,Y,113,F,7.0,20.0,0.07
1EY0A,Y,113,G,7.0,20.0,-0.20
1EY0A,Y,113,L,7.0,20.0,0.20
1EY0A,V,114,A,7.0,20.0,0.14
1EY0A,V,114,G,7.0,20.0,-0.03
1EY0A,V,114,I,7.0,20.0,-0.15
1EY0A,V,114,L,7.0,20.0,-1.07
1EY0A,V,114,S,7.0,20.0,-0.04
1EY0A,V,114,T,7.0,20.0,-0.31
1EY0A,Y,115,A,7.0,20.0,-0.25
1EY0A,Y,115,F,7.0,20.0,-0.02
1EY0A,Y,115,G,7.0,20.0,-0.56
1EY0A,Y,115,L,7.0,20.0,-0.22
1EY0A,K,116,A,7.0,20.0,0.69
1EY0A,K,116,F,7.0,20.0,0.21
1EY0A,K,116,G,7.0,20.0,1.05
1EY0A,N,118,A,7.0,20.0,-1.88
1EY0A,N,118,D,7.0,20.0,-2.34
1EY0A,N,118,G,7.0,20.0,-1.61
1EY0A,N,119,A,7.0,20.0,-1.03
1EY0A,N,119,G,7.0,20.0,-0.97
1EY0A,T,120,A,7.0,20.0,-1.08
1EY0A,T,120,C,7.0,20.0,-1.59
1EY0A,T,120,G,7.0,20.0,-1.87
1EY0A,T,120,I,7.0,20.0,-1.54
1EY0A,T,120,S,7.0,20.0,-0.57
1EY0A,T,120,V,7.0,20.0,-1.63
1EY0A,H,121,A,7.0,20.0,-2.92
1EY0A,H,121,G,7.0,20.0,-4.09
1EY0A,E,122,A,7.0,20.0,-0.27
1EY0A,E,122,F,7.0,20.0,-0.44
1EY0A,E,122,G,7.0,20.0,-1.99
1EY0A,E,122,K,7.0,20.0,-2.53
1EY0A,E,122,Q,7.0,20.0,-1.52
1EY0A,Q,123,A,7.0,20.0,-0.10
1EY0A,Q,123,F,7.0,20.0,-0.51
1EY0A,Q,123,G,7.0,20.0,-0.44
1EY0A,H,124,A,7.0,20.0,0.57
1EY0A,H,124,E,7.0,20.0,0.46
1EY0A,H,124,F,7.0,20.0,0.51
1EY0A,H,124,G,7.0,20.0,-0.52
1EY0A,H,124,L,5.9,46.9,1.31
1EY0A,H,124,Q,7.0,20.0,0.69
1EY0A,L,125,A,7.0,20.0,-4.78
1EY0A,L,125,I,7.0,20.0,-0.96
1EY0A,L,125,V,7.0,20.0,-2.30
1EY0A,R,126,A,7.0,20.0,-1.64
1EY0A,R,126,G,7.0,20.0,-2.86
1EY0A,K,127,A,7.0,20.0,0.24
1EY0A,K,127,E,7.0,20.0,0.13
1EY0A,K,127,F,7.0,20.0,-0.22
1EY0A,K,127,G,7.0,20.0,-0.79
1EY0A,K,127,Q,7.0,20.0,0.06
1EY0A,S,128,A,7.0,20.0,0.83
1EY0A,S,128,F,7.0,20.0,-1.00
1EY0A,S,128,G,7.0,20.0,-1.52
1EY0A,E,129,A,7.0,20.0,-2.20
1EY0A,E,129,F,7.0,20.0,-3.88
1EY0A,E,129,G,7.0,20.0,-3.72
1EY0A,A,130,G,7.0,20.0,-1.00
1EY0A,A,130,V,7.0,20.0,-1.08
1EY0A,Q,131,A,7.0,20.0,-0.10
1EY0A,Q,131,F,7.0,20.0,-0.55
1EY0A,Q,131,G,7.0,20.0,-2.26
1EY0A,A,132,G,7.0,20.0,-3.60
1EY0A,A,132,V,7.0,20.0,-4.73
1EY0A,K,133,A,7.0,20.0,-1.32
1EY0A,K,133,F,7.0,20.0,-1.26
1EY0A,K,133,G,7.0,20.0,-3.22
1EY0A,K,133,Q,7.0,20.0,-0.44
1EY0A,K,134,A,7.0,20.0,0.12
1EY0A,K,134,C,7.0,20.0,-0.70
1EY0A,K,134,F,7.0,20.0,-0.26
1EY0A,K,134,G,7.0,20.0,-0.79
1EY0A,E,135,A,7.0,20.0,-0.73
1EY0A,E,135,F,7.0,20.0,-1.10
1EY0A,E,135,G,7.0,20.0,-1.64
1EY0A,E,135,K,7.0,20.0,-1.17
1EY0A,E,135,Q,7.0,20.0,-0.71
1EY0A,K,136,A,7.0,20.0,-0.75
1EY0A,K,136,F,7.0,20.0,-0.97
1EY0A,K,136,G,7.0,20.0,-0.02
1EY0A,L,137,A,7.0,20.0,-2.18
1EY0A,L,137,G,7.0,20.0,-4.43
1EY0A,L,137,I,7.0,20.0,-0.76
1EY0A,L,137,V,7.0,20.0,-1.42
1EY0A,N,138,A,7.0,20.0,-0.97
1EY0A,N,138,G,7.0,20.0,0.59
1EY0A,I,139,A,7.0,20.0,-3.29
1EY0A,I,139,G,7.0,20.0,-4.22
1EY0A,I,139,L,7.0,20.0,-0.09
1EY0A,I,139,M,7.0,20.0,-0.39
1EY0A,I,139,V,7.0,20.0,-1.37
1EY0A,S,141,A,7.0,31.4,-0.27
1EY0A,S,141,G,7.0,20.0,-0.82
1FKJA,V,2,A,7.5,25.0,-2.18
1FKJA,V,4,A,7.5,25.0,-2.26
1FKJA,I,7,V,7.5,25.0,-0.90
1FKJA,T,21,A,7.5,25.0,-1.24
1FKJA,T,21,S,7.5,25.0,-1.06
1FKJA,T,21,V,7.5,25.0,0.56
1FKJA,V,23,A,7.5,25.0,-2.62
1FKJA,V,24,A,7.5,25.0,-3.04
1FKJA,T,27,A,7.5,25.0,-1.71
1FKJA,T,27,S,7.5,25.0,-1.07
1FKJA,T,27,V,7.5,25.0,0.58
1FKJA,F,36,A,7.5,25.0,-3.07
1FKJA,L,50,A,7.5,25.0,-2.22
1FKJA,V,55,A,7.5,25.0,-1.78
1FKJA,I,56,A,7.5,25.0,-2.04
1FKJA,I,56,D,7.5,25.0,-2.88
1FKJA,I,56,T,7.5,25.0,-1.95
1FKJA,R,57,A,7.5,25.0,-0.55
1FKJA,R,57,G,7.5,25.0,-1.89
1FKJA,W,59,F,7.5,25.0,2.72
1FKJA,W,59,L,7.5,25.0,2.35
1FKJA,E,60,A,7.5,25.0,-1.71
1FKJA,E,60,G,7.5,25.0,-2.62
1FKJA,E,61,A,7.5,25.0,-0.73
1FKJA,E,61,G,7.5,25.0,-2.20
1FKJA,V,63,A,7.5,25.0,-2.56
1FKJA,T,75,A,7.5,25.0,-2.27
1FKJA,T,75,V,7.5,25.0,-0.70
1FKJA,I,76,A,7.5,25.0,-3.36
1FKJA,I,76,V,7.5,25.0,-0.33
1FKJA,I,91,A,7.5,25.0,-1.33
1FKJA,I,91,V,7.5,25.0,-0.10
1FKJA,L,97,A,7.5,25.0,-3.01
1FKJA,V,98,A,7.5,25.0,-1.99
1FKJA,V,101,A,7.5,25.0,-2.39
1FKJA,L,106,A,7.5,25.0,-2.08
1FNAA,L,8,A,5.0,25.0,-1.81
1FNAA,V,10,A,5.0,25.0,-1.17
1FNAA,A,13,G,5.0,25.0,-1.18
1FNAA,L,18,A,5.0,25.0,-0.99
1FNAA,I,20,A,5.0,25.0,-0.65
1FNAA,I,20,V,5.0,25.0,-0.18
1FNAA,W,22,F,5.0,25.0,-1.97
1FNAA,V,29,A,5.0,25.0,-1.37
1FNAA,Y,32,A,5.0,25.0,-4.23
1FNAA,Y,32,F,5.0,25.0,-0.54
1FNAA,Y,32,L,5.0,25.0,-2.74
1FNAA,I,34,A,5.0,25.0,-4.86
1FNAA,I,34,V,5.0,25.0,-0.11
1FNAA,Y,36,A,5.0,25.0,-1.49
1FNAA,F,48,A,5.0,25.0,-1.98
1FNAA,V,50,A,5.0,25.0,-2.85
1FNAA,A,57,G,5.0,25.0,-2.49
1FNAA,I,59,A,5.0,25.0,-3.33
1FNAA,I,59,V,5.0,25.0,-0.72
1FNAA,L,62,A,5.0,25.0,-2.88
1FNAA,V,66,A,5.0,25.0,-0.91
1FNAA,Y,68,A,5.0,25.0,-1.88
1FNAA,Y,68,F,5.0,25.0,-2.14
1FNAA,I,70,A,5.0,25.0,-4.11
1FNAA,I,70,V,5.0,25.0,-1.28
1FNAA,V,72,A,5.0,25.0,-3.17
1FNAA,A,74,G,5.0,25.0,-1.56
1FNAA,S,85,A,5.0,25.0,0.13
1FNAA,I,88,A,5.0,25.0,-0.67
1FNAA,I,88,V,5.0,25.0,-0.33
1FNAA,I,90,A,5.0,25.0,-0.69
1FNAA,I,90,V,5.0,25.0,-0.40
1FNAA,Y,92,A,5.0,25.0,-1.11
1FNAA,Y,92,F,5.0,25.0,0.13
1FTGA,L,6,A,7.0,34.6,-3.11
1FTGA,E,20,K,7.0,37.8,1.16
1FTGA,I,22,A,7.0,44.2,-1.70
1FTGA,I,22,V,7.0,25.0,-1.66
1FTGA,V,31,A,7.0,34.6,-1.85
1FTGA,E,40,K,7.0,37.8,1.61
1FTGA,D,43,A,7.0,34.6,0.07
1FTGA,I,51,V,7.0,34.6,-1.75
1FTGA,I,52,V,7.0,34.6,-1.19
1FTGA,E,61,K,7.0,34.6,0.51
1FTGA,D,65,K,7.0,34.6,-0.10
1FTGA,S,71,A,7.0,34.6,-0.44
1FTGA,E,72,K,7.0,37.8,1.41
1FTGA,D,75,K,7.0,37.8,1.03
1FTGA,A,84,G,7.0,34.6,-1.90
1FTGA,N,97,A,7.0,34.6,-0.58
1FTGA,Q,99,A,7.0,34.6,1.59
1FTGA,I,104,V,7.0,34.6,-0.57
1FTGA,S,110,A,7.0,34.6,-0.73
1FTGA,V,117,A,7.0,34.6,-2.02
1FTGA,T,122,S,7.0,34.6,0.03
1FTGA,D,126,K,7.0,37.8,0.81
1FTGA,V,139,A,7.0,34.6,-1.09
1FTGA,L,143,A,7.0,34.6,-0.17
1FTGA,D,150,K,7.0,37.8,-0.21
1FTGA,I,156,V,7.0,34.6,-3.16
1FTGA,V,160,A,7.0,34.6,-2.07
1FVKA,C,30,S,7.5,25.0,-1.79
1FVKA,H,32,L,7.0,30.0,5.30
1FVKA,H,32,S,7.0,30.0,5.20
1FVKA,H,32,Y,7.0,30.0,6.80
1FVKA,C,33,S,7.5,25.0,-1.15
1G4IA,F,22,A,8.0,30.0,0.25
1G4IA,F,22,I,8.0,30.0,1.43
1G4IA,F,22,Y,8.0,30.0,0.83
1G4IA,H,48,A,8.0,30.0,-1.93
1G4IA,H,48,N,8.0,30.0,-2.44
1G4IA,H,48,Q,8.0,30.0,-0.49
1G4IA,F,106,A,8.0,25.0,-1.23
1G4IA,F,106,I,8.0,30.0,0.95
1G4IA,F,106,Y,8.0,30.0,0.07
1G6NA,S,128,A,7.9,20.0,-0.26
1H7MA,D,2,A,7.4,25.0,-0.53
1H7MA,E,6,A,7.4,25.0,-0.77
1H7MA,R,8,A,7.4,25.0,-0.77
1H7MA,K,9,A,7.4,25.0,-0.29
1H7MA,D,12,A,7.4,25.0,0.24
1H7MA,K,15,A,7.4,25.0,-0.91
1H7MA,R,21,A,7.4,25.0,0.07
1H7MA,K,22,A,7.4,25.0,0.43
1H7MA,K,28,A,7.4,25.0,-1.20
1H7MA,K,33,A,7.4,25.0,0.12
1H7MA,R,39,A,7.4,25.0,-0.07
1H7MA,R,42,A,7.4,25.0,0.33
1H7MA,D,44,A,7.4,25.0,0.05
1H7MA,K,46,A,7.4,25.0,-1.10
1H7MA,E,47,A,7.4,25.0,-0.05
1H7MA,D,48,A,7.4,25.0,0.36
1H7MA,E,50,A,7.4,25.0,0.57
1H7MA,R,54,A,7.4,25.0,-0.26
1H7MA,E,62,A,7.4,25.0,-1.29
1H7MA,E,64,A,7.4,25.0,-0.26
1H7MA,E,69,A,7.4,25.0,-0.74
1H7MA,R,76,A,7.4,25.0,0.19
1H7MA,H,78,A,7.4,25.0,-0.50
1H7MA,D,87,A,7.4,25.0,-1.36
1H7MA,E,90,A,7.4,25.0,-0.41
1H7MA,R,92,A,7.4,25.0,-0.31
1HFZA,H,32,A,7.4,56.2,-2.13
1HFZA,H,32,Y,7.4,56.2,0.07
1HFZA,V,42,A,7.4,56.2,-0.93
1HFZA,V,42,G,7.4,56.2,-1.15
1HFZA,V,42,N,7.4,56.2,-0.24
1HFZA,Q,54,A,7.4,56.2,-0.41
1HFZA,I,59,W,7.4,56.2,-0.93
1HFZA,Y,103,A,7.4,56.2,-2.39
1HFZA,W,104,Y,7.4,56.2,-2.44
1HFZA,A,106,S,7.4,56.2,-1.05
1HFZA,H,107,A,7.4,56.2,-0.79
1HFZA,H,107,W,7.4,56.2,-1.72
1HFZA,H,107,Y,7.4,56.2,-0.19
1HFZA,L,110,E,7.4,56.2,-0.19
1HFZA,L,110,H,7.4,56.2,1.39
1HFZA,L,110,R,7.4,56.2,0.43
1HFZA,K,114,E,7.4,56.2,-0.65
1HFZA,K,114,N,7.4,56.2,2.66
1HFZA,K,114,Q,7.4,56.2,-0.60
1HFZA,Q,117,A,7.4,56.2,-0.96
1HFZA,W,118,H,7.4,56.2,-0.60
1HFZA,W,118,Y,7.4,56.2,-1.17
1HK0X,M,43,A,7.0,37.0,-0.70
1HK0X,Q,54,A,7.0,37.0,0.50
1HK0X,F,56,A,7.0,37.0,-1.20
1HK0X,R,79,A,7.0,37.0,-2.30
1HK0X,I,81,A,7.0,37.0,-2.60
1HK0X,V,132,A,7.0,37.0,-3.80
1HK0X,Q,143,A,7.0,37.0,-0.40
1HK0X,L,145,A,7.0,37.0,-2.60
1HK0X,M,147,A,7.0,37.0,-1.10
1HK0X,V,170,A,7.0,37.0,1.30
1HMEA,S,33,H,7.0,20.0,-1.85
1HMEA,I,34,H,7.0,20.0,-0.95
1HMEA,G,35,H,7.0,20.0,-0.33
1HMKA,V,8,A,7.0,25.0,-0.83
1HMKA,L,12,A,7.0,25.0,-2.73
1HMKA,W,26,F,7.5,25.0,-2.11
1HMKA,V,27,A,7.0,25.0,-1.24
1HMKA,T,29,I,6.4,24.5,3.55
1HMKA,T,29,V,7.0,25.0,2.26
1HMKA,A,30,I,6.1,24.0,1.47
1HMKA,A,30,T,6.1,24.0,0.48
1HMKA,T,33,I,6.1,24.0,-0.64
1HMKA,T,38,A,7.0,58.8,-1.30
1HMKA,L,52,A,7.0,25.0,-3.22
1HMKA,I,55,V,7.0,25.0,-2.72
1HMKA,W,60,A,7.0,25.0,-2.01
1HMKA,W,60,F,7.5,25.0,-0.68
1HMKA,D,87,N,7.0,25.0,-1.14
1HMKA,I,89,V,7.0,25.0,-0.86
1HMKA,V,90,A,7.0,25.0,0.90
1HMKA,K,93,A,7.0,25.0,-1.72
1HMKA,I,95,V,7.0,25.0,-1.72
1HMKA,L,96,A,7.0,25.0,-1.75
1HMKA,Y,103,F,7.0,25.0,-2.13
1HMKA,W,104,F,7.5,25.0,-1.96
1HMKA,L,105,A,7.0,25.0,-0.28
1HMKA,L,110,A,7.0,25.0,-0.35
1HMKA,W,118,F,7.0,25.0,-0.31
1HMSA,F,4,S,8.0,37.0,-3.67
1HMSA,W,8,E,8.0,37.0,-3.82
1HMSA,F,16,S,8.0,37.0,-3.98
1HMSA,F,16,Y,8.0,25.0,-2.56
1HMSA,K,21,I,8.0,37.0,0.00
1HMSA,T,40,E,8.0,25.0,-2.40
1HMSA,T,40,Q,8.0,25.0,-2.73
1HMSA,T,40,V,8.0,25.0,-0.76
1HMSA,F,57,S,8.0,25.0,-2.43
1HMSA,F,64,S,8.0,37.0,-3.82
1HMSA,L,66,G,8.0,37.0,-3.67
1HMSA,G,67,S,8.0,37.0,-1.22
1HMSA,E,72,S,8.0,37.0,-3.67
1HMSA,R,106,T,8.0,25.0,-2.84
1HMSA,R,126,K,8.0,25.0,-3.26
1HMSA,R,126,Q,8.0,25.0,-0.31
1HMSA,Y,128,F,8.0,25.0,-2.68
1HTIA,S,105,D,8.0,25.0,-0.65
1HTIA,Q,179,A,8.0,25.0,0.05
1HTIA,Q,179,D,8.0,25.0,0.75
1HTIA,K,193,A,8.0,25.0,0.50
1HUUA,A,27,S,7.0,63.9,-1.19
1HUUA,S,31,T,7.0,63.9,0.41
1HUUA,V,42,I,7.0,63.9,-0.82
1HUUA,A,56,S,7.0,63.9,-0.13
1HUUA,M,69,I,7.0,63.9,0.00
1IETA,D,60,R,7.2,25.0,0.14
1IFCA,W,6,Y,7.0,25.0,-0.87
1IFCA,I,23,C,8.1,20.0,0.51
1IFCA,S,53,C,8.1,20.0,0.31
1IFCA,V,60,C,8.1,20.0,-0.07
1IFCA,V,60,N,7.0,25.0,-0.83
1IFCA,L,64,A,7.4,20.0,-1.68
1IFCA,L,64,G,7.4,20.0,-2.26
1IFCA,G,65,A,7.4,20.0,-0.94
1IFCA,F,68,A,7.0,25.0,-0.42
1IFCA,L,72,C,8.1,20.0,0.02
1IFCA,W,82,Y,7.0,25.0,-0.39
1IFCA,L,89,C,8.1,20.0,-1.25
1IFCA,F,93,A,7.0,25.0,-2.37
1IFCA,A,104,C,8.1,20.0,1.32
1IGVA,L,6,V,7.0,25.0,-1.72
1IGVA,F,10,A,7.0,25.0,-4.12
1IGVA,Y,13,F,7.1,25.0,-1.08
1IGVA,E,17,Q,7.1,25.0,0.33
1IGVA,D,19,N,7.0,25.0,0.83
1IGVA,L,23,A,7.0,25.0,-3.24
1IGVA,L,23,G,7.0,25.0,-3.95
1IGVA,E,26,Q,7.0,25.0,-0.03
1IGVA,L,28,A,7.0,25.0,-2.20
1IGVA,V,61,A,7.0,25.0,-2.93
1IGVA,V,61,G,7.0,25.0,-3.60
1IGVA,F,66,A,7.0,25.0,-4.20
1IGVA,F,66,W,7.0,25.0,-0.93
1IGVA,V,70,L,7.0,25.0,-0.13
1IGVA,I,73,V,7.0,25.0,-1.34
1IHBA,F,37,H,7.5,25.0,-0.66
1IHBA,R,55,V,7.5,25.0,-0.15
1IHBA,F,71,N,7.5,25.0,0.46
1IHBA,F,82,Q,7.5,25.0,-0.37
1IHBA,F,92,N,7.5,25.0,-0.71
1IMQA,V,19,L,6.0,10.0,-1.82
1IMQA,A,25,G,6.0,10.0,-0.14
1IMQA,E,31,L,6.0,10.0,-0.67
1IMQA,V,34,L,6.0,10.0,0.33
1IMQA,V,37,L,6.0,10.0,-0.26
1IMQA,E,41,V,6.0,10.0,0.89
1IMQA,V,68,I,6.0,10.0,-0.81
1IMQA,V,71,I,6.0,10.0,0.07
1IO2A,D,7,N,9.0,50.0,0.46
1IO2A,E,8,A,9.0,50.0,1.77
1IO2A,E,8,Q,9.0,50.0,-1.25
1IO2A,D,105,A,9.0,50.0,1.72
1IO2A,D,135,A,9.0,50.0,1.82
1IROA,V,24,I,9.1,107.0,0.36
1IROA,I,33,L,9.1,107.0,0.76
1JIWI,D,10,A,7.1,25.0,-0.70
1JIWI,W,15,F,7.1,25.0,-2.30
1K9QA,A,20,R,7.0,56.7,0.89
1K9QA,L,30,Y,7.0,56.7,0.27
1K9QA,D,34,T,7.0,56.7,0.37
1KCQA,D,187,N,7.2,25.0,-1.05
1KCQA,D,187,Y,7.2,15.0,-2.03
1KDXA,Y,640,F,6.0,25.0,0.00
1KE4A,Y,150,F,6.8,38.9,-2.05
1KFWA,N,197,K,7.5,16.0,0.81
1KFWA,G,405,Q,7.5,16.0,0.62
1LBIA,K,84,L,7.4,25.0,-0.20
1LNIA,V,2,T,7.0,48.4,-0.90
1LNIA,T,5,V,7.0,48.4,0.00
1LNIA,T,16,V,7.0,48.4,0.30
1LNIA,D,17,K,7.0,25.0,-1.10
1LNIA,T,18,V,7.0,48.4,-1.40
1LNIA,D,25,K,7.0,36.1,0.90
1LNIA,Y,30,F,7.0,25.0,0.40
1LNIA,V,36,T,7.0,48.4,-1.30
1LNIA,Q,38,A,6.3,51.9,0.74
1LNIA,N,39,A,7.0,48.4,-2.20
1LNIA,N,39,D,7.0,48.4,-1.50
1LNIA,N,39,S,7.0,48.4,-2.30
1LNIA,E,41,K,6.6,42.2,-1.11
1LNIA,V,43,T,7.0,48.4,-0.50
1LNIA,Y,49,F,7.0,25.0,-0.20
1LNIA,Y,51,F,7.0,25.0,-2.30
1LNIA,Y,52,F,7.0,25.0,-3.60
1LNIA,E,54,Q,6.3,51.9,-1.96
1LNIA,Y,55,F,7.0,25.0,-0.60
1LNIA,T,56,V,7.0,48.4,-1.90
1LNIA,V,57,T,7.0,48.4,-4.40
1LNIA,T,59,V,7.0,48.4,-1.70
1LNIA,R,65,A,6.3,51.9,-1.13
1LNIA,T,67,V,7.0,48.4,0.00
1LNIA,T,72,V,7.0,48.4,-0.20
1LNIA,E,74,K,6.7,43.5,0.84
1LNIA,D,79,A,6.8,49.1,2.48
1LNIA,D,79,E,7.0,52.6,-0.40
1LNIA,D,79,F,6.8,49.1,2.73
1LNIA,D,79,H,7.0,52.6,1.70
1LNIA,D,79,I,7.0,52.6,2.85
1LNIA,D,79,K,7.0,52.6,2.35
1LNIA,D,79,L,7.0,52.6,2.65
1LNIA,D,79,N,6.8,49.1,1.46
1LNIA,D,79,R,7.0,52.6,2.70
1LNIA,D,79,W,7.0,52.6,2.25
1LNIA,D,79,Y,7.0,52.6,2.90
1LNIA,Y,80,F,7.0,25.0,-1.50
1LNIA,Y,81,F,7.0,25.0,-1.20
1LNIA,T,82,V,7.0,48.4,-1.70
1LNIA,H,85,Q,6.3,51.9,0.00
1LNIA,Y,86,F,7.0,25.0,-0.30
1LNIA,Q,94,K,6.8,47.5,0.56
1LUCA,A,81,H,7.0,25.0,-2.70
1LUCB,H,81,A,7.0,25.0,-2.10
1LUCB,H,82,A,7.0,25.0,-2.70
1LVEA,M,4,L,7.5,25.0,1.04
1LVEA,L,30,N,7.5,25.0,-0.57
1LVEA,L,30,Q,7.5,25.0,0.63
1LVEA,V,29,L,7.5,25.0,1.67
1LVEA,Y,31,D,7.5,25.0,2.19
1LVEA,N,34,F,7.5,25.0,-2.41
1LVEA,S,35,N,7.5,25.0,0.39
1LVEA,K,36,R,7.5,25.0,-0.55
1LVEA,K,36,T,7.5,25.0,-1.33
1LVEA,Q,44,N,7.5,25.0,-1.60
1LVEA,K,45,T,7.5,25.0,-2.29
1LVEA,Q,95,H,7.5,25.0,-0.90
1LVEA,Q,95,N,7.5,25.0,-1.26
1LVEA,T,100,H,7.5,25.0,0.73
1LVEA,Y,102,Q,7.5,25.0,-2.09
1LVEA,S,103,T,7.5,25.0,0.13
1LVEA,I,112,L,7.5,25.0,-0.51
1LZ1A,K,1,A,2.7,64.9,-0.60
1LZ1A,K,1,M,2.7,64.9,-0.12
1LZ1A,V,2,A,2.7,64.9,-1.51
1LZ1A,V,2,D,2.7,64.9,-1.44
1LZ1A,V,2,F,2.7,64.9,-0.86
1LZ1A,V,2,G,2.7,64.9,-2.30
1LZ1A,V,2,I,2.7,64.9,1.10
1LZ1A,V,2,L,2.7,64.9,-0.05
1LZ1A,V,2,M,2.7,64.9,-0.31
1LZ1A,V,2,N,2.7,64.9,-1.34
1LZ1A,V,2,R,2.7,64.9,-0.38
1LZ1A,V,2,S,2.7,64.9,-1.41
1LZ1A,V,2,Y,2.7,64.9,-0.36
1LZ1A,E,7,Q,3.5,65.0,-0.94
1LZ1A,L,8,T,2.7,64.9,-3.73
1LZ1A,A,9,S,2.7,64.9,-0.02
1LZ1A,G,16,A,2.7,64.9,-1.39
1LZ1A,D,18,N,3.4,65.0,-1.28
1LZ1A,G,19,A,2.7,64.9,-1.77
1LZ1A,Y,20,F,2.7,64.9,-0.50
1LZ1A,R,21,A,2.7,64.9,1.32
1LZ1A,R,21,G,2.7,64.9,1.15
1LZ1A,G,22,A,2.7,64.9,-1.79
1LZ1A,I,23,A,2.7,64.9,-2.54
1LZ1A,I,23,V,2.7,64.9,-0.36
1LZ1A,A,32,L,2.7,64.9,-0.10
1LZ1A,A,32,S,2.7,64.9,-0.33
1LZ1A,E,35,L,2.7,64.9,-0.53
1LZ1A,G,37,A,2.7,64.9,-0.29
1LZ1A,G,37,Q,3.0,52.3,-0.40
1LZ1A,Y,38,A,2.7,64.9,-2.49
1LZ1A,Y,38,F,2.7,64.9,-0.19
1LZ1A,Y,38,G,2.7,64.9,-2.32
1LZ1A,Y,45,F,2.7,64.9,0.07
1LZ1A,G,48,A,2.7,64.9,0.45
1LZ1A,D,49,N,3.4,65.0,-0.65
1LZ1A,R,50,A,2.7,64.9,0.43
1LZ1A,R,50,G,3.0,52.3,0.32
1LZ1A,Y,54,F,2.7,64.9,-0.96
1LZ1A,I,56,A,2.7,64.9,-3.71
1LZ1A,I,56,F,2.7,64.9,-4.09
1LZ1A,I,56,L,2.7,64.9,-0.10
1LZ1A,I,56,M,2.7,64.9,-1.77
1LZ1A,I,56,T,3.0,52.3,-4.31
1LZ1A,I,56,V,2.7,64.9,-1.20
1LZ1A,Q,58,A,2.7,64.9,0.91
1LZ1A,Q,58,G,3.0,52.3,1.91
1LZ1A,I,59,A,2.7,64.9,-1.72
1LZ1A,I,59,F,2.7,64.9,-0.81
1LZ1A,I,59,G,2.7,64.9,-3.83
1LZ1A,I,59,L,2.7,64.9,0.00
1LZ1A,I,59,M,2.7,64.9,-1.29
1LZ1A,I,59,S,2.7,64.9,-3.59
1LZ1A,I,59,T,2.7,64.9,-2.22
1LZ1A,I,59,V,2.7,64.9,-1.10
1LZ1A,I,59,Y,2.7,64.9,-3.78
1LZ1A,Y,63,F,2.7,64.9,-0.24
1LZ1A,D,67,H,4.0,10.0,-3.73
1LZ1A,D,67,N,3.5,65.0,-1.39
1LZ1A,G,68,A,2.7,64.9,-0.12
1LZ1A,G,72,A,2.7,64.9,-0.36
1LZ1A,V,74,A,2.7,64.9,-0.36
1LZ1A,V,74,D,2.7,64.9,-0.43
1LZ1A,V,74,F,2.7,64.9,-0.29
1LZ1A,V,74,G,2.7,64.9,-0.22
1LZ1A,V,74,I,2.7,64.9,0.45
1LZ1A,V,74,L,2.7,64.9,0.19
1LZ1A,V,74,M,2.7,64.9,0.65
1LZ1A,V,74,N,2.7,64.9,-0.33
1LZ1A,V,74,R,2.7,64.9,-0.07
1LZ1A,V,74,S,2.7,64.9,-0.38
1LZ1A,V,74,Y,2.7,64.9,-0.24
1LZ1A,C,77,A,3.0,57.0,-4.60
1LZ1A,H,78,A,2.7,64.9,-0.14
1LZ1A,H,78,G,3.0,52.3,-0.21
1LZ1A,I,89,A,2.7,64.9,-2.70
1LZ1A,I,89,V,2.7,64.9,-0.48
1LZ1A,A,92,S,2.7,64.9,0.81
1LZ1A,V,93,A,2.7,64.9,-0.74
1LZ1A,V,93,T,2.7,64.9,-0.67
1LZ1A,A,96,M,2.7,64.9,0.02
1LZ1A,A,96,S,2.7,64.9,-1.00
1LZ1A,V,99,A,2.7,64.9,-0.98
1LZ1A,V,99,T,2.7,64.9,-0.50
1LZ1A,V,100,A,2.7,64.9,-0.26
1LZ1A,V,100,F,2.7,64.9,-1.65
1LZ1A,V,100,T,2.7,64.9,-0.29
1LZ1A,D,102,N,3.5,65.0,-0.15
1LZ1A,G,105,A,2.7,64.9,-0.62
1LZ1A,I,106,A,2.7,64.9,-0.93
1LZ1A,I,106,V,2.7,64.9,-0.72
1LZ1A,V,110,A,2.7,64.9,0.53
1LZ1A,V,110,D,2.7,64.9,0.17
1LZ1A,V,110,F,2.7,64.9,-0.05
1LZ1A,V,110,G,2.7,64.9,0.48
1LZ1A,V,110,I,2.7,64.9,0.86
1LZ1A,V,110,L,2.7,64.9,0.07
1LZ1A,V,110,M,2.7,64.9,0.53
1LZ1A,V,110,N,2.7,64.9,0.07
1LZ1A,V,110,R,2.7,64.9,0.89
1LZ1A,V,110,Y,2.7,64.9,-0.14
1LZ1A,N,118,A,2.7,64.9,0.19
1LZ1A,N,118,G,2.7,64.9,0.05
1LZ1A,D,120,N,3.5,65.0,-0.17
1LZ1A,V,121,A,2.7,64.9,-1.44
1LZ1A,Y,124,F,2.7,64.9,-0.36
1LZ1A,V,125,A,2.7,64.9,-1.32
1LZ1A,G,127,A,2.7,64.9,-0.55
1LZ1A,G,129,A,2.7,64.9,0.14
1LZ1A,V,130,A,2.7,64.9,-0.84
1MBGA,V,103,A,7.5,25.0,-2.32
1MBGA,V,103,I,7.5,25.0,0.69
1MBGA,V,103,L,7.4,21.4,2.08
1MGRA,Y,11,F,7.0,25.0,-0.60
1MGRA,Y,33,F,7.0,25.0,0.50
1MGRA,Y,54,F,7.0,25.0,-2.60
1MGRA,Y,55,F,7.0,25.0,-2.10
1MGRA,Y,58,F,7.0,25.0,-0.70
1MGRA,Y,83,F,7.0,25.0,-1.50
1MGRA,Y,84,F,7.0,25.0,-1.00
1MGRA,Y,89,F,7.0,25.0,0.00
1MJCA,F,18,L,7.0,25.0,-1.00
1MJCA,F,18,S,7.0,25.0,-1.54
1MJCA,F,20,L,7.0,25.0,-0.31
1MJCA,F,20,S,7.0,25.0,-1.16
1MJCA,F,31,L,7.0,25.0,-0.66
1MJCA,F,31,S,7.0,25.0,-1.03
1MJCA,Y,42,W,7.0,25.0,0.15
1MJCA,S,52,W,7.0,25.0,-0.20
1MJCA,T,68,W,7.0,25.0,0.70
1MSIA,R,23,A,7.0,25.0,-0.89
1MSIA,E,25,A,7.0,25.0,-0.09
1MSIA,D,36,A,7.0,25.0,0.30
1MSIA,R,39,A,7.0,25.0,-0.80
1MSIA,R,47,A,7.0,25.0,-0.74
1MSIA,D,58,N,7.0,25.0,-0.20
1N0JA,Y,34,F,7.8,88.9,4.75
1N0JA,I,58,T,7.8,88.9,-2.95
1N0JA,Q,143,N,7.8,88.9,1.04
1OH0A,Y,16,F,7.0,25.0,-1.79
1OH0A,Y,32,F,7.0,25.0,0.20
1OH0A,Y,57,F,7.0,25.0,-1.22
1OH0A,Y,57,S,7.0,25.0,-4.53
1OH0A,V,101,L,7.0,25.0,-1.72
1OIAA,Y,13,F,7.0,22.0,-0.70
1OIAA,Y,13,T,7.0,22.0,-1.30
1OIAA,Y,31,F,7.0,22.0,0.00
1OIAA,Y,31,S,7.0,22.0,-2.30
1OIAA,Y,78,F,7.0,22.0,0.00
1OIAA,Y,86,F,7.0,22.0,-2.60
1OIAA,Y,86,T,7.0,22.0,-2.90
1ONCA,M,23,L,7.0,0.4,-2.76
1ONCA,F,28,A,5.5,20.0,-5.00
1ONCA,F,36,Y,5.5,20.0,-4.67
1OTRB,K,11,A,5.0,25.0,-0.14
1OTRB,I,30,F,3.0,50.0,-3.32
1OTRB,I,30,L,3.0,50.0,-1.96
1OTRB,I,30,V,3.0,50.0,-1.58
1OTRB,E,34,D,5.0,25.0,-1.00
1OTRB,E,34,L,5.0,25.0,0.96
1OTRB,E,34,S,5.0,25.0,-0.60
1OTRB,I,36,F,3.0,50.0,-0.86
1OTRB,I,36,L,3.0,50.0,-1.32
1OTRB,I,36,V,3.0,50.0,-0.79
1P2PA,H,48,K,7.0,20.0,-2.12
1P2PA,H,48,N,7.0,20.0,-1.69
1P2PA,H,48,Q,7.0,20.0,-0.64
1PDOA,W,12,F,7.4,22.0,1.79
1PDOA,W,33,F,7.4,22.0,-1.08
1PDOA,W,69,F,7.4,22.0,-2.15
1PGAA,I,6,L,5.4,25.0,-1.39
1PGAA,I,6,N,5.2,44.0,-1.73
1PGAA,I,6,T,5.2,44.0,-1.79
1PGAA,D,22,G,5.5,25.0,-1.52
1PGAA,T,53,A,5.2,20.0,-0.51
1PGAA,T,53,D,5.2,20.0,-1.15
1PGAA,T,53,E,5.2,20.0,-0.40
1PGAA,T,53,F,5.2,37.1,0.55
1PGAA,T,53,I,5.2,37.1,-0.10
1PGAA,T,53,R,5.2,20.0,-0.28
1PGAA,T,53,V,5.2,44.0,-0.58
1PGAA,T,53,Y,5.2,44.0,0.52
1POHA,S,31,A,7.0,30.0,-0.40
1POHA,S,46,A,7.0,30.0,-1.01
1POHA,S,46,D,7.0,30.0,1.44
1POHA,S,46,N,7.0,30.0,0.39
1POHA,K,49,A,7.0,25.0,1.39
1POHA,K,49,D,7.0,25.0,1.41
1POHA,K,49,E,7.0,36.2,1.85
1POHA,K,49,G,7.0,25.0,1.05
1POHA,K,49,M,7.0,25.0,0.94
1POHA,K,49,N,7.0,25.0,0.35
1POHA,K,49,Q,7.0,25.0,1.39
1POHA,K,49,R,7.0,25.0,-0.15
1POHA,K,49,S,7.0,25.0,0.95
1QGVA,G,126,D,7.8,20.0,-0.93
1QLPA,A,31,I,6.5,25.0,0.90
1QLPA,A,31,L,6.5,25.0,0.90
1QLPA,A,31,V,6.5,25.0,0.60
1QLPA,F,51,C,6.5,23.0,3.01
1QLPA,F,51,L,6.5,25.0,2.10
1QLPA,V,55,I,6.5,25.0,-0.20
1QLPA,V,55,L,6.5,25.0,-0.30
1QLPA,T,59,A,6.5,25.0,1.00
1QLPA,T,68,A,6.5,25.0,1.00
1QLPA,A,70,G,6.5,25.0,1.60
1QLPA,V,145,I,6.5,25.0,0.20
1QLPA,V,145,L,6.5,25.0,-0.70
1QLPA,Y,160,A,7.8,25.0,-0.21
1QLPA,Y,160,W,7.8,25.0,1.18
1QLPA,V,173,I,6.5,25.0,0.50
1QLPA,V,173,L,6.5,25.0,-0.60
1QLPA,A,183,F,6.5,25.0,1.50
1QLPA,A,183,I,6.5,25.0,1.80
1QLPA,A,183,L,6.5,25.0,1.40
1QLPA,A,183,V,6.5,25.0,3.80
1QLPA,W,194,F,7.8,25.0,-0.47
1QLPA,W,238,F,7.8,25.0,0.98
1QLPA,A,248,F,6.5,25.0,1.80
1QLPA,A,248,I,6.5,25.0,2.20
1QLPA,A,248,L,6.5,25.0,0.35
1QLPA,A,248,V,6.5,25.0,2.30
1QLPA,A,250,I,6.5,25.0,-0.40
1QLPA,A,250,L,6.5,25.0,-1.00
1QLPA,A,250,V,6.5,25.0,-0.40
1QLPA,A,284,I,6.5,25.0,0.00
1QLPA,A,284,V,6.5,25.0,0.80
1QLPA,V,321,I,6.5,25.0,0.60
1QLPA,V,321,L,6.5,25.0,-1.20
1QLPA,S,330,R,7.8,25.0,-2.44
1QLPA,K,331,F,7.8,25.0,1.75
1QLPA,K,331,I,7.8,25.0,0.84
1QLPA,K,331,T,7.8,25.0,-0.54
1QLPA,K,331,V,7.8,25.0,0.89
1QLPA,V,364,I,6.5,25.0,0.40
1QLPA,V,364,L,6.5,25.0,-0.30
1QLPA,M,374,I,6.5,25.0,2.30
1QLPA,S,381,A,6.5,25.0,1.00
1QLPA,K,387,R,6.5,25.0,1.00
1QM4A,R,265,H,8.0,25.0,-3.11
1QNDA,C,71,S,6.8,20.0,-1.38
1RG8A,C,16,S,6.6,25.0,-2.81
1RG8A,H,21,Y,7.3,34.5,0.79
1RG8A,L,44,F,7.3,34.5,0.59
1RG8A,G,62,A,6.6,24.9,-1.48
1RG8A,G,62,N,6.6,24.9,-0.97
1RG8A,L,73,V,6.6,40.0,-1.46
1RG8A,C,83,S,6.6,29.6,-1.78
1RG8A,H,93,A,6.6,24.9,-0.60
1RG8A,H,93,G,6.6,28.6,1.34
1RG8A,H,93,N,6.6,24.9,0.19
1RG8A,H,102,Y,7.3,34.5,0.39
1RG8A,A,103,G,6.6,24.9,-0.46
1RG8A,N,106,G,6.6,24.9,0.16
1RG8A,F,108,Y,7.3,34.5,0.49
1RG8A,V,109,I,7.3,34.5,-0.05
1RG8A,V,109,L,6.6,40.0,-0.57
1RG8A,C,117,S,6.6,29.6,-0.64
1RHGA,G,26,A,7.0,25.0,1.93
1RHGA,G,28,A,7.0,25.0,2.35
1RHGA,E,33,A,5.9,25.0,0.31
1RHGA,E,46,A,5.9,25.0,-0.32
1RHGA,L,50,E,5.9,25.0,-0.19
1RHGA,G,73,A,7.0,25.0,0.89
1RHGA,G,81,A,7.0,25.0,-0.76
1RHGA,G,87,A,7.0,25.0,-0.97
1RHGA,G,149,A,7.0,25.0,1.38
1RHGA,G,150,A,7.0,25.0,1.94
1RISA,V,6,A,8.0,25.0,-2.93
1RISA,I,8,A,8.0,25.0,-3.56
1RISA,L,21,A,8.0,25.0,-0.16
1RISA,E,22,Q,8.0,25.0,-1.12
1RISA,I,26,A,8.0,25.0,-2.84
1RISA,Y,33,A,8.0,25.0,0.41
1RISA,A,35,G,8.0,25.0,-0.77
1RISA,V,37,A,8.0,25.0,-2.55
1RISA,L,48,A,8.0,25.0,-0.21
1RISA,I,52,A,8.0,25.0,-0.36
1RISA,F,60,A,8.0,25.0,-0.81
1RISA,V,65,A,8.0,25.0,-2.89
1RISA,L,75,A,8.0,25.0,-1.35
1RISA,L,79,A,8.0,25.0,-3.91
1RISA,V,85,A,8.0,25.0,-3.02
1RISA,V,88,A,8.0,25.0,-1.68
1RN1C,V,16,A,7.0,25.0,-2.34
1RN1C,V,16,C,7.0,25.0,-4.99
1RN1C,V,16,S,7.0,25.0,-4.68
1RN1C,V,16,T,7.0,25.0,-3.65
1RN1C,A,21,G,7.4,25.0,-1.10
1RN1C,G,23,A,7.4,25.0,-1.20
1RN1C,Y,24,W,6.0,25.0,1.24
1RN1C,Q,25,K,7.0,36.8,0.88
1RN1C,H,40,T,6.0,25.0,-0.26
1RN1C,Y,42,W,6.0,25.0,-0.14
1RN1C,N,44,A,7.0,37.9,-1.88
1RN1C,N,44,D,6.3,35.8,-1.58
1RN1C,N,44,S,7.0,37.9,-1.77
1RN1C,Y,45,W,6.0,25.0,0.74
1RN1C,D,49,A,6.3,37.3,0.50
1RN1C,D,49,F,7.0,52.7,0.10
1RN1C,D,49,H,6.5,40.7,1.10
1RN1C,D,49,Y,7.0,52.4,0.00
1RN1C,E,58,A,7.0,31.5,-0.42
1RN1C,W,59,Y,6.0,25.0,-0.93
1RN1C,D,76,A,7.0,15.0,-3.76
1RN1C,D,76,N,7.0,17.2,-3.39
1RN1C,D,76,S,7.0,15.0,-3.17
1RN1C,V,78,A,7.0,25.0,-4.08
1RN1C,V,78,C,7.0,25.0,-3.67
1RN1C,V,78,S,7.0,25.0,-4.73
1RN1C,V,78,T,7.0,25.0,-3.59
1RN1C,V,89,C,7.0,25.0,-3.54
1RN1C,V,89,S,7.0,25.0,-4.87
1RN1C,V,89,T,7.0,25.0,-3.07
1RN1C,H,92,A,6.0,25.0,-0.62
1ROPA,D,30,A,7.0,69.0,0.30
1ROPA,D,30,C,7.0,69.0,0.80
1ROPA,D,30,E,7.0,69.0,1.00
1ROPA,D,30,F,7.0,69.0,-0.10
1ROPA,D,30,G,7.0,69.0,2.00
1ROPA,D,30,H,7.0,69.0,0.90
1ROPA,D,30,I,7.0,69.0,-0.80
1ROPA,D,30,K,7.0,69.0,0.90
1ROPA,D,30,L,7.0,69.0,-0.10
1ROPA,D,30,M,7.0,69.0,0.60
1ROPA,D,30,N,7.0,69.0,0.80
1ROPA,D,30,Q,7.0,69.0,1.80
1ROPA,D,30,R,7.0,69.0,0.80
1ROPA,D,30,S,7.0,69.0,1.00
1ROPA,D,30,T,7.0,69.0,-0.40
1ROPA,D,30,V,7.0,69.0,-0.40
1ROPA,D,30,W,7.0,69.0,-0.40
1ROPA,D,30,Y,7.0,69.0,0.20
1ROPA,L,41,A,6.0,25.0,-3.06
1ROPA,L,41,V,6.0,25.0,-1.26
1RTBA,A,4,S,7.1,62.0,-0.45
1RTBA,A,5,S,7.1,62.0,-0.27
1RTBA,F,46,L,6.0,24.9,-3.21
1RTBA,F,46,V,6.0,24.9,-4.55
1RTBA,V,47,A,5.0,40.0,-3.80
1RTBA,V,54,A,5.0,40.0,-2.58
1RTBA,V,54,G,5.0,40.0,-4.87
1RTBA,V,54,I,5.0,40.0,-1.95
1RTBA,V,54,L,5.0,40.0,-1.09
1RTBA,V,57,A,5.0,40.0,-2.85
1RTBA,V,57,I,5.0,40.0,-1.30
1RTBA,V,57,L,5.0,40.0,-2.37
1RTBA,V,63,A,5.0,40.0,-2.03
1RTBA,V,63,G,5.0,40.0,-3.50
1RTBA,A,64,G,5.0,40.0,-0.44
1RTBA,I,81,A,5.0,40.0,-2.99
1RTBA,I,81,G,5.0,40.0,-4.81
1RTBA,I,81,V,5.0,40.0,-0.43
1RTBA,Y,97,F,5.0,63.3,-3.54
1RTBA,I,106,A,5.0,40.0,-4.38
1RTBA,I,106,L,5.0,40.0,-1.79
1RTBA,I,106,V,5.0,40.0,-0.80
1RTBA,I,107,A,5.0,40.0,-2.85
1RTBA,I,107,L,5.0,40.0,-2.20
1RTBA,I,107,V,5.0,40.0,-0.08
1RTBA,V,108,A,5.0,40.0,-4.20
1RTBA,V,108,I,5.0,40.0,-0.44
1RTBA,V,108,L,5.0,40.0,-0.70
1RTBA,A,109,G,5.0,40.0,-0.43
1RTBA,V,116,A,5.0,40.0,-0.67
1RTBA,V,116,G,5.0,40.0,-1.18
1RTBA,V,118,A,5.0,40.0,-1.92
1RTBA,V,118,G,5.0,40.0,-2.78
1RTBA,H,119,A,5.2,25.0,0.35
1RTBA,D,121,A,5.2,25.0,-1.95
1RTBA,D,121,N,5.2,25.0,-1.71
1RTBA,S,123,A,7.1,62.0,0.69
1RTP1,K,80,S,7.4,45.8,-0.29
1SAKA,E,326,A,7.0,25.0,-0.40
1SAKA,F,328,A,7.0,25.0,-2.36
1SAKA,F,328,L,7.0,25.0,-1.43
1SAKA,T,329,A,7.0,25.0,-1.02
1SAKA,L,330,F,7.0,25.0,-1.80
1SAKA,Q,331,A,7.0,25.0,-0.46
1SAKA,I,332,V,7.0,25.0,-0.99
1SAKA,R,333,A,7.0,25.0,-1.05
1SAKA,R,335,A,7.0,25.0,-0.75
1SAKA,E,336,A,7.0,25.0,0.40
1SAKA,R,337,A,7.0,25.0,-2.41
1SAKA,F,338,A,7.0,25.0,-2.03
1SAKA,E,339,A,7.0,25.0,-0.66
1SAKA,M,340,A,7.0,25.0,-1.90
1SAKA,M,340,I,7.0,25.0,-0.38
1SAKA,F,341,I,7.0,25.0,-2.01
1SAKA,F,341,L,7.0,25.0,-0.91
1SAKA,R,342,A,7.0,25.0,-0.38
1SAKA,E,343,A,7.0,25.0,-0.25
1SAKA,L,344,F,7.0,25.0,-1.62
1SAKA,L,344,I,7.0,25.0,-0.41
1SAKA,N,345,A,7.0,25.0,-0.98
1SAKA,E,346,A,7.0,25.0,-0.27
1SAKA,A,347,G,7.0,25.0,-0.97
1SAKA,E,349,A,7.0,25.0,-1.18
1SAKA,L,350,A,7.0,25.0,-0.50
1SAKA,K,351,A,7.0,25.0,0.57
1SAKA,D,352,A,7.0,25.0,-0.62
1SHFA,E,107,A,8.0,25.0,-1.27
1SHFA,E,107,D,8.0,25.0,0.68
1SHFA,E,107,F,8.0,25.0,-1.63
1SHFA,E,107,G,8.0,25.0,-2.29
1SHFA,E,107,H,8.0,25.0,-0.99
1SHFA,E,107,I,8.0,25.0,-2.71
1SHFA,E,107,K,8.0,25.0,-0.97
1SHFA,E,107,L,8.0,25.0,-3.02
1SHFA,E,107,Q,8.0,25.0,-0.74
1SHFA,E,107,R,8.0,25.0,-3.38
1SHFA,E,107,S,8.0,25.0,-1.64
1SHFA,E,107,T,8.0,25.0,-0.60
1SHFA,E,107,V,8.0,25.0,-2.00
1SHFA,E,107,Y,8.0,25.0,-2.40
1SHFA,I,111,A,7.0,25.0,-2.84
1SHFA,I,111,L,7.0,25.0,-0.71
1SHFA,I,111,V,7.0,25.0,-0.63
1SHFA,S,124,A,8.0,25.0,-0.71
1SHFA,S,124,D,8.0,25.0,-2.02
1SHFA,S,124,F,8.0,25.0,-1.90
1SHFA,S,124,G,8.0,25.0,-1.68
1SHFA,S,124,H,8.0,25.0,-1.25
1SHFA,S,124,I,8.0,25.0,-1.41
1SHFA,S,124,K,8.0,25.0,0.11
1SHFA,S,124,L,8.0,25.0,-0.37
1SHFA,S,124,N,8.0,25.0,-0.73
1SHFA,S,124,R,8.0,25.0,-0.18
1SHFA,S,124,T,8.0,25.0,-1.65
1SHFA,S,124,V,8.0,25.0,-1.10
1SHFA,S,124,Y,8.0,25.0,-2.27
1SHFA,T,127,A,8.0,25.0,-2.59
1SHFA,G,128,A,8.0,25.0,-1.78
1SHFA,V,138,A,7.0,25.0,-2.34
1SHFA,V,138,G,7.0,25.0,-3.65
1SHFA,V,138,M,7.0,25.0,-0.52
1SHFA,V,138,T,7.0,25.0,-2.40
1SHGA,D,48,G,2.9,24.9,0.82
1SHGA,F,52,Y,7.0,24.9,0.44
1SHGA,K,59,F,7.0,24.9,-0.92
1SHGA,K,59,Y,7.0,24.9,-0.84
1SSOA,I,29,V,7.0,50.0,-0.40
1SUPA,M,50,F,8.0,58.8,0.48
1SUPA,N,76,D,8.0,58.8,0.45
1SUPA,G,169,A,8.0,58.8,0.30
1SUPA,Q,206,C,8.0,58.8,1.25
1SUPA,Y,217,K,8.0,58.8,0.72
1SUPA,N,218,S,8.0,58.8,1.07
1TENA,I,809,A,5.0,25.0,-2.74
1TENA,I,809,V,5.0,25.0,0.02
1TENA,V,811,A,5.0,25.0,-1.40
1TENA,A,819,G,5.0,25.0,-2.67
1TENA,I,821,A,5.0,25.0,-3.58
1TENA,I,821,V,5.0,25.0,-0.28
1TENA,I,830,A,5.0,25.0,-1.63
1TENA,I,830,V,5.0,25.0,-0.37
1TENA,I,833,A,5.0,25.0,-3.30
1TENA,I,833,V,5.0,25.0,-0.80
1TENA,L,835,A,5.0,25.0,-4.13
1TENA,Y,837,A,5.0,25.0,-3.96
1TENA,I,849,A,5.0,25.0,-2.40
1TENA,L,851,A,5.0,25.0,-2.88
1TENA,Y,858,A,5.0,25.0,-1.21
1TENA,Y,858,G,5.0,25.0,-4.06
1TENA,I,860,A,5.0,25.0,-1.91
1TENA,I,860,V,5.0,25.0,-0.88
1TENA,L,863,A,5.0,25.0,-3.96
1TENA,T,867,S,5.0,25.0,-1.26
1TENA,Y,869,F,5.0,25.0,-3.09
1TENA,V,871,A,5.0,25.0,-2.69
1TENA,L,873,A,5.0,25.0,-2.81
1TENA,S,875,A,5.0,25.0,-0.27
1TENA,S,882,A,5.0,25.0,-2.58
1TENA,A,885,G,5.0,25.0,-0.92
1TENA,E,887,A,5.0,25.0,1.55
1TENA,E,887,G,5.0,25.0,-0.14
1TITA,V,13,A,7.4,25.0,-2.15
1TITA,I,23,A,7.4,25.0,-2.70
1TITA,L,41,A,7.4,25.0,-2.70
1TITA,L,58,A,7.4,25.0,-3.23
1TITA,L,60,A,7.4,25.0,-4.88
1TITA,C,63,S,7.3,25.0,-2.08
1TITA,F,73,L,7.4,25.0,-3.83
1TITA,V,86,A,7.4,25.0,-4.45
1TPKA,V,65,A,4.5,64.3,-2.00
1TPKA,V,65,I,4.5,64.3,0.30
1TPKA,V,65,L,4.5,64.3,-1.90
1TPKA,V,65,M,4.5,64.3,-2.20
1TPKA,V,65,S,4.5,64.3,-2.40
1TPKA,V,65,T,4.5,64.3,-1.00
1TTQA,A,18,G,7.8,25.0,-2.70
1TTQA,A,18,V,7.8,25.0,-2.30
1TTQA,F,22,I,7.8,25.0,-4.58
1TTQA,F,22,L,7.8,25.0,-1.05
1TTQA,F,22,V,7.8,25.0,-3.44
1TTQA,Y,175,Q,7.8,25.0,-1.65
1TTQA,L,209,V,7.8,25.0,-3.20
1TTQA,I,232,V,7.8,25.0,-3.30
1TYVA,G,177,R,7.4,88.4,-0.70
1TYVA,T,235,I,7.4,88.4,-0.53
1TYVA,G,244,R,7.4,88.4,-1.33
1TYVA,R,285,K,7.4,88.4,-3.43
1TYVA,E,309,V,7.4,88.4,-0.77
1TYVA,G,323,D,7.4,88.4,-0.13
1UBQA,K,6,E,5.0,25.0,0.53
1UBQA,K,6,Q,5.0,25.0,0.26
1UBQA,E,18,D,3.0,25.0,-0.08
1UBQA,K,27,Q,5.0,25.0,-1.91
1UBQA,K,29,N,5.0,25.0,-1.48
1UBQA,K,29,Q,5.0,25.0,-1.67
1UBQA,R,42,E,5.0,25.0,1.63
1UBQA,F,45,W,5.0,25.0,0.46
1UBQA,H,68,E,5.0,25.0,0.77
1UBQA,H,68,Q,5.0,25.0,0.55
1UBQA,R,72,Q,5.0,25.0,-0.33
1UZCA,W,11,F,5.7,9.9,-0.31
1UZCA,T,13,A,5.7,9.9,-0.99
1UZCA,T,13,S,5.7,9.9,0.10
1UZCA,E,15,A,5.7,9.9,-0.40
1UZCA,E,15,G,5.7,9.9,-1.02
1UZCA,A,17,G,5.7,9.9,-0.70
1UZCA,Q,19,A,5.7,9.9,-0.08
1UZCA,Q,19,G,5.7,9.9,-1.23
1UZCA,A,20,G,5.7,9.9,-2.30
1UZCA,L,24,A,5.7,9.9,-1.04
1UZCA,K,26,A,5.7,9.9,0.11
1UZCA,K,26,G,5.7,9.9,-0.74
1UZCA,E,27,A,5.7,9.9,-0.62
1UZCA,E,27,G,5.7,9.9,-1.57
1UZCA,V,30,A,5.7,9.9,-3.28
1UZCA,S,32,A,5.7,9.9,0.00
1UZCA,N,33,G,5.7,9.9,-0.42
1UZCA,S,35,A,5.7,9.9,-1.04
1UZCA,W,36,F,5.7,9.9,0.30
1UZCA,Q,38,A,5.7,9.9,-0.37
1UZCA,Q,38,G,5.7,9.9,-1.57
1UZCA,A,39,G,5.7,9.9,-1.93
1UZCA,M,42,A,5.7,9.9,-1.37
1UZCA,I,43,V,5.7,9.9,-1.21
1UZCA,I,44,A,5.7,9.9,-0.09
1UZCA,I,44,G,5.7,9.9,-0.40
1UZCA,I,44,V,5.7,9.9,-0.30
1UZCA,D,46,N,5.7,9.9,-2.51
1UZCA,Y,49,A,5.7,9.9,-2.46
1UZCA,Y,49,F,5.7,9.9,-0.31
1UZCA,S,50,A,5.7,9.9,-0.02
1UZCA,S,50,G,5.7,9.9,-0.02
1UZCA,A,51,G,5.7,9.9,-1.12
1UZCA,L,52,A,5.7,9.9,-2.71
1UZCA,A,53,G,5.7,9.9,-0.30
1UZCA,S,56,A,5.7,9.9,-0.40
1UZCA,S,56,G,5.7,9.9,-0.54
1UZCA,K,58,A,5.7,9.9,-2.10
1UZCA,Q,60,A,5.7,9.9,0.31
1UZCA,Q,60,G,5.7,9.9,-0.80
1UZCA,A,61,G,5.7,9.9,-2.07
1UZCA,A,64,G,5.7,9.9,-0.94
1UZCA,Y,65,F,5.7,9.9,-0.72
1UZCA,V,67,A,5.7,9.9,0.51
1UZCA,V,67,G,5.7,9.9,0.00
1VQBA,I,6,V,7.0,25.0,-0.35
1VQBA,F,13,T,7.0,25.0,-0.35
1VQBA,V,19,C,7.0,25.0,-0.15
1VQBA,V,19,T,7.0,25.0,-0.30
1VQBA,K,24,V,7.0,25.0,0.40
1VQBA,Y,26,R,7.0,25.0,-0.20
1VQBA,L,28,V,7.0,25.0,0.55
1VQBA,E,30,F,7.0,25.0,1.02
1VQBA,E,30,M,7.0,25.0,0.32
1VQBA,E,30,N,7.0,25.0,-0.55
1VQBA,L,32,H,7.0,25.0,-0.45
1VQBA,L,32,R,7.0,25.0,-0.80
1VQBA,L,32,W,7.0,25.0,1.40
1VQBA,L,32,Y,7.0,25.0,0.50
1VQBA,C,33,A,7.0,25.0,-0.25
1VQBA,C,33,I,7.0,25.0,-0.45
1VQBA,C,33,L,7.0,25.0,-1.30
1VQBA,C,33,M,7.0,25.0,-1.75
1VQBA,C,33,S,7.0,25.0,-2.12
1VQBA,C,33,T,7.0,25.0,-2.30
1VQBA,C,33,V,7.0,25.0,-0.10
1VQBA,V,35,A,7.0,25.0,-1.02
1VQBA,V,35,C,7.0,25.0,-0.55
1VQBA,V,35,F,7.0,25.0,-1.50
1VQBA,V,35,I,7.0,25.0,-0.32
1VQBA,V,35,L,7.0,25.0,-1.07
1VQBA,V,35,M,7.0,25.0,-0.53
1VQBA,V,35,T,7.0,25.0,-2.65
1VQBA,D,36,C,7.0,25.0,-1.02
1VQBA,D,36,N,7.0,25.0,-0.50
1VQBA,L,37,A,7.0,25.0,-3.85
1VQBA,L,37,C,7.0,25.0,-2.30
1VQBA,L,37,I,7.0,25.0,-0.70
1VQBA,L,37,T,7.0,25.0,-2.60
1VQBA,L,37,V,7.0,25.0,-1.75
1VQBA,E,40,C,7.0,25.0,-0.80
1VQBA,E,40,T,7.0,25.0,-0.20
1VQBA,Y,41,A,7.0,25.0,-0.20
1VQBA,Y,41,F,7.0,25.0,-0.30
1VQBA,V,43,C,7.0,25.0,-1.05
1VQBA,V,43,T,7.0,25.0,-0.80
1VQBA,V,45,A,7.0,25.0,-1.05
1VQBA,V,45,C,7.0,25.0,-0.05
1VQBA,V,45,L,7.0,25.0,-1.50
1VQBA,V,45,T,7.0,25.0,-1.75
1VQBA,I,47,A,7.0,25.0,-3.32
1VQBA,I,47,C,7.0,25.0,-2.33
1VQBA,I,47,F,7.0,25.0,-0.85
1VQBA,I,47,L,7.0,25.0,-0.28
1VQBA,I,47,M,7.0,25.0,-1.00
1VQBA,I,47,T,7.0,25.0,-3.70
1VQBA,I,47,V,7.0,25.0,-1.18
1VQBA,T,48,C,7.0,25.0,-0.40
1VQBA,T,48,V,7.0,25.0,0.00
1VQBA,L,49,A,7.0,25.0,-3.05
1VQBA,L,49,C,7.0,25.0,-2.05
1VQBA,L,49,I,7.0,25.0,-0.95
1VQBA,L,49,T,7.0,25.0,-2.85
1VQBA,L,49,V,7.0,25.0,-1.45
1VQBA,D,50,H,7.0,25.0,-0.77
1VQBA,T,62,C,7.0,25.0,-0.35
1VQBA,T,62,V,7.0,25.0,0.65
1VQBA,V,63,C,7.0,25.0,-2.05
1VQBA,V,63,T,7.0,25.0,-2.50
1VQBA,H,64,C,7.0,25.0,0.25
1VQBA,S,67,C,7.0,25.0,-1.85
1VQBA,S,67,T,7.0,25.0,-0.80
1VQBA,F,68,L,7.0,25.0,-2.12
1VQBA,F,68,V,7.0,25.0,-2.50
1VQBA,K,69,H,7.0,25.0,-0.62
1VQBA,K,69,M,7.0,25.0,0.08
1VQBA,V,70,C,7.0,25.0,-1.60
1VQBA,V,70,T,7.0,25.0,-1.75
1VQBA,F,73,W,7.0,25.0,0.40
1VQBA,M,77,A,7.0,25.0,-1.05
1VQBA,M,77,C,7.0,25.0,0.00
1VQBA,M,77,F,7.0,25.0,-0.10
1VQBA,M,77,I,7.0,25.0,0.80
1VQBA,M,77,L,7.0,25.0,-0.60
1VQBA,M,77,T,7.0,25.0,-0.40
1VQBA,M,77,V,7.0,25.0,0.60
1VQBA,I,78,C,7.0,25.0,-2.20
1VQBA,I,78,T,7.0,25.0,-3.30
1VQBA,I,78,V,7.0,25.0,-0.65
1VQBA,L,81,C,7.0,25.0,-1.85
1VQBA,L,81,T,7.0,25.0,-2.55
1VQBA,L,81,V,7.0,25.0,-0.10
1VQBA,R,82,C,7.0,25.0,-0.75
1VQBA,A,86,T,7.0,25.0,-0.35
1VQBA,A,86,V,7.0,25.0,0.25
1WITA,Y,73,F,7.0,20.0,-2.15
1WQ5A,F,22,L,7.8,25.0,1.40
1WQ5A,I,37,A,7.8,25.0,-4.42
1WQ5A,E,49,A,7.8,25.0,0.41
1WQ5A,E,49,C,7.8,25.0,1.33
1WQ5A,E,49,D,7.8,25.0,0.07
1WQ5A,E,49,F,7.8,25.0,1.15
1WQ5A,E,49,G,7.8,25.0,-0.03
1WQ5A,E,49,H,7.8,25.0,1.51
1WQ5A,E,49,I,7.8,25.0,3.79
1WQ5A,E,49,K,7.8,25.0,0.42
1WQ5A,E,49,L,7.8,25.0,3.67
1WQ5A,E,49,M,7.4,25.1,3.13
1WQ5A,E,49,N,7.8,25.0,-0.05
1WQ5A,E,49,Q,7.3,25.1,-0.58
1WQ5A,E,49,S,7.4,25.0,-0.01
1WQ5A,E,49,T,7.8,25.0,0.16
1WQ5A,E,49,V,7.4,25.0,2.43
1WQ5A,E,49,W,7.8,25.0,-0.02
1WQ5A,E,49,Y,7.4,25.0,0.41
1WQ5A,L,50,A,7.8,25.0,-2.99
1WQ5A,C,81,A,9.0,50.0,-0.69
1WQ5A,C,81,G,9.0,50.0,-1.58
1WQ5A,C,81,S,9.0,50.0,-1.41
1WQ5A,C,81,V,9.0,50.0,-1.32
1WQ5A,L,99,A,7.8,25.0,-4.07
1WQ5A,C,118,A,9.0,50.0,-1.36
1WQ5A,C,118,S,9.0,50.0,-2.27
1WQ5A,C,118,V,9.0,50.0,-1.34
1WQ5A,L,127,A,7.8,25.0,-1.28
1WQ5A,F,139,W,7.8,23.0,-0.64
1WQ5A,C,154,A,9.0,50.0,-1.03
1WQ5A,C,154,S,9.0,50.0,-1.72
1WQ5A,C,154,V,9.0,50.0,-1.12
1WQ5A,Y,175,C,7.8,25.0,-0.60
1WQ5A,L,176,A,7.8,25.0,-4.01
1WQ5A,G,211,D,7.8,25.0,-0.80
1WQ5A,G,211,E,7.8,33.2,1.10
1WQ5A,G,211,R,7.8,50.4,-0.12
1WQ5A,G,211,S,7.8,25.0,-0.15
1WQ5A,G,211,V,7.8,25.0,1.05
1WQ5A,G,211,W,7.8,25.0,-1.95
1WQ5A,G,234,D,7.8,25.0,3.40
1WQ5A,G,234,K,7.8,25.0,0.20
1WQ5A,F,258,W,7.8,23.0,-1.17
1YU5X,H,41,Y,5.6,25.0,1.11
1YYJA,L,3,A,5.0,25.0,-1.60
1YYJA,W,7,M,5.0,25.0,-0.85
1YYJA,L,10,A,5.0,25.0,-1.86
1YYJA,L,14,A,5.0,25.0,-1.92
1YYJA,K,15,A,5.0,25.0,-0.20
1YYJA,I,17,A,5.0,25.0,-1.30
1YYJA,E,18,A,5.0,25.0,1.30
1YYJA,A,20,G,5.0,25.0,-1.97
1YYJA,A,23,G,5.0,25.0,-2.38
1YYJA,K,27,A,5.0,25.0,-0.17
1YYJA,K,27,G,5.0,25.0,-1.00
1YYJA,L,30,A,5.0,25.0,-2.83
1YYJA,M,33,A,5.0,25.0,-2.97
1YYJA,R,34,A,5.0,25.0,-2.25
1YYJA,R,34,G,5.0,25.0,-3.26
1YYJA,A,36,G,5.0,25.0,-2.61
1YYJA,A,37,G,5.0,25.0,-4.15
1YYJA,L,38,G,5.0,25.0,-1.44
1YYJA,A,40,G,5.0,25.0,-1.41
1YYJA,L,48,A,5.0,25.0,-3.73
1YYJA,K,51,G,5.0,25.0,-1.32
1YYJA,M,58,A,5.0,25.0,-2.91
1YYJA,F,61,A,5.0,25.0,-4.52
1YYJA,F,65,A,5.0,25.0,-1.92
1YYJA,L,68,A,5.0,25.0,-3.88
1YYJA,V,69,G,5.0,25.0,-3.61
1YYJA,I,72,A,5.0,25.0,-4.79
1YYJA,D,73,A,5.0,25.0,-1.57
1YYJA,L,76,A,5.0,25.0,-3.48
1YYJA,V,84,A,5.0,25.0,-3.42
1YYJA,A,87,G,5.0,25.0,-3.20
1YYJA,A,90,G,5.0,25.0,-2.34
1YYJA,A,91,G,5.0,25.0,-1.60
1YYJA,L,94,A,5.0,25.0,-1.50
1YYJA,I,98,A,5.0,25.0,-3.48
1YYJA,Y,101,A,5.0,25.0,0.52
1YYJA,Y,105,A,5.0,25.0,-2.36
1ZG4A,C,77,S,7.0,25.0,-3.36
1ZG4A,W,290,F,7.0,25.0,-0.83
1ZNJB,S,9,D,8.0,25.0,0.06
1ZNJB,H,10,D,7.2,24.0,0.76
1ZNJB,H,10,E,8.0,25.0,1.11
1ZNJB,H,10,T,8.0,25.0,0.03
1ZNJB,F,25,D,8.0,25.0,0.48
1ZNJB,F,25,H,8.0,25.0,0.75
1ZNJB,Y,26,T,8.0,25.0,-0.22
1ZNJB,K,29,G,7.5,23.0,-0.05
2A01A,L,141,R,7.4,25.0,-0.65
2A36A,T,22,A,6.0,25.0,0.40
2A36A,T,22,D,6.0,25.0,1.50
2A36A,T,22,F,6.0,25.0,1.30
2A36A,T,22,G,6.0,20.1,3.59
2A36A,T,22,K,6.0,25.0,0.00
2A36A,T,22,L,6.0,25.0,0.50
2A36A,T,22,N,6.0,25.0,1.30
2A36A,T,22,S,6.0,25.0,0.60
2ABDA,F,5,A,5.3,5.0,-2.61
2ABDA,A,9,G,5.3,5.0,-1.88
2ABDA,V,12,A,5.3,5.0,-1.54
2ABDA,L,15,A,5.3,5.0,-3.28
2ABDA,D,21,A,5.3,5.0,0.03
2ABDA,D,21,H,5.3,5.0,-0.56
2ABDA,L,25,A,5.3,5.0,-1.60
2ABDA,F,26,A,5.3,5.0,-1.79
2ABDA,Y,28,A,5.3,5.0,-2.74
2ABDA,Y,28,F,5.3,5.0,-1.23
2ABDA,Y,28,N,5.3,5.0,-2.48
2ABDA,Y,31,N,5.3,5.0,-1.86
2ABDA,K,32,A,5.3,5.0,-1.34
2ABDA,K,32,E,5.3,5.0,-1.48
2ABDA,K,32,R,5.3,5.0,-1.83
2ABDA,Q,33,A,5.3,5.0,-3.64
2ABDA,A,34,G,5.3,5.0,-1.33
2ABDA,T,35,A,5.3,5.0,-1.47
2ABDA,I,39,A,5.3,5.0,-1.05
2ABDA,K,52,M,5.3,5.0,0.24
2ABDA,K,54,A,5.3,5.0,-0.97
2ABDA,K,54,M,5.3,5.0,0.10
2ABDA,E,67,A,5.3,5.0,-0.60
2ABDA,A,69,G,5.3,5.0,-2.28
2ABDA,Y,73,A,5.3,5.0,-4.77
2ABDA,Y,73,F,5.3,5.0,0.29
2ABDA,I,74,A,5.3,5.0,-1.70
2ABDA,V,77,A,5.3,5.0,-1.57
2ABDA,L,80,A,5.3,5.0,-4.15
2CI2I,K,21,A,6.2,25.0,-0.79
2CI2I,K,21,M,6.2,25.0,-0.70
2CI2I,T,22,A,6.3,35.7,-0.93
2CI2I,T,22,G,6.3,25.0,-1.07
2CI2I,T,22,V,6.3,25.0,-0.76
2CI2I,E,26,A,6.2,25.0,-0.75
2CI2I,E,26,Q,6.2,25.0,-0.60
2CI2I,L,27,A,5.7,33.7,-2.44
2CI2I,K,30,A,6.2,25.0,-0.39
2CI2I,S,31,A,5.8,31.2,-0.96
2CI2I,S,31,G,5.7,25.0,-0.49
2CI2I,E,33,D,6.2,25.0,-0.65
2CI2I,E,33,N,6.3,32.2,-0.55
2CI2I,E,33,Q,6.2,25.0,-0.39
2CI2I,E,34,D,6.2,25.0,-0.19
2CI2I,E,34,N,6.2,25.0,-0.58
2CI2I,E,34,Q,6.2,25.0,-0.58
2CI2I,A,35,G,6.2,25.0,-1.25
2CI2I,K,36,A,6.3,35.8,-0.70
2CI2I,K,36,G,6.2,25.0,-2.16
2CI2I,K,37,A,6.3,35.8,-0.18
2CI2I,K,37,G,6.3,35.8,-1.18
2CI2I,V,38,A,5.8,31.2,-0.31
2CI2I,I,39,L,7.0,30.0,-1.96
2CI2I,I,39,V,5.8,30.3,-1.16
2CI2I,L,40,A,6.2,25.0,-1.27
2CI2I,L,40,G,6.2,25.0,-1.73
2CI2I,Q,41,A,6.2,25.0,-0.28
2CI2I,Q,41,G,6.2,25.0,-0.76
2CI2I,D,42,A,6.2,25.0,-1.00
2CI2I,K,43,A,5.9,39.8,-0.82
2CI2I,K,43,G,6.2,25.0,-3.34
2CI2I,E,45,A,5.8,37.2,-0.64
2CI2I,I,48,A,5.3,25.0,-3.68
2CI2I,I,48,V,5.7,33.4,-0.97
2CI2I,I,49,A,6.3,35.7,-1.05
2CI2I,I,49,G,6.3,25.0,-3.23
2CI2I,I,49,T,6.3,25.0,-1.21
2CI2I,I,49,V,6.3,35.7,-0.10
2CI2I,L,51,A,6.3,35.8,-2.16
2CI2I,L,51,I,6.2,25.0,-0.63
2CI2I,L,51,V,6.3,35.8,-0.67
2CI2I,V,53,A,6.3,35.7,-0.88
2CI2I,V,53,G,6.3,25.0,-2.26
2CI2I,V,53,T,6.3,35.7,-1.31
2CI2I,T,55,A,6.2,25.0,-0.59
2CI2I,T,55,S,6.2,25.0,-0.50
2CI2I,T,55,V,6.2,25.0,-1.16
2CI2I,I,56,A,6.2,25.0,-0.65
2CI2I,V,57,A,6.2,25.0,-1.07
2CI2I,T,58,A,6.3,25.0,-0.69
2CI2I,T,58,D,6.3,25.0,0.00
2CI2I,E,60,A,6.3,25.0,-0.89
2CI2I,R,62,A,6.2,25.0,-0.80
2CI2I,D,64,A,6.2,25.0,-0.91
2CI2I,V,66,A,5.3,25.0,-4.92
2CI2I,R,67,A,7.0,30.1,-1.21
2CI2I,L,68,A,5.3,25.0,-3.70
2CI2I,F,69,A,6.2,25.0,-3.53
2CI2I,F,69,L,6.3,35.8,-2.05
2CI2I,F,69,V,6.2,25.0,-1.90
2CI2I,V,70,A,5.7,33.7,-1.74
2CI2I,D,71,A,6.2,25.0,-3.28
2CI2I,K,72,N,6.2,25.0,-0.61
2CI2I,N,75,A,6.2,25.0,-1.02
2CI2I,N,75,D,6.2,25.0,-1.36
2CI2I,I,76,A,4.8,25.0,-4.21
2CI2I,I,76,V,5.7,33.7,0.10
2CI2I,A,77,G,6.3,25.0,-1.42
2CI2I,V,79,A,6.3,25.0,-1.46
2CI2I,V,79,G,6.3,25.0,-2.38
2CI2I,V,79,T,6.3,25.0,-0.89
2CI2I,V,82,A,6.3,25.0,-1.36
2CI2I,V,82,G,6.3,25.0,-3.24
2CI2I,V,82,T,6.3,25.0,-1.33
2DRIA,A,27,T,7.7,25.0,-3.30
2DRIA,V,50,E,7.7,25.0,-3.50
2H61A,L,3,A,7.2,25.0,-0.64
2H61A,L,3,S,7.2,25.0,-1.25
2H61A,M,7,A,7.2,25.0,-2.00
2H61A,I,11,A,7.2,25.0,-1.65
2H61A,F,14,A,7.2,25.0,-2.85
2HPRA,S,46,D,7.0,54.2,0.72
2IMMA,A,15,L,7.4,20.0,1.36
2IMMA,M,21,I,7.4,20.0,0.24
2IMMA,M,21,L,7.4,20.0,-0.31
2IMMA,K,24,R,7.4,20.0,-0.17
2IMMA,F,32,Y,7.4,20.0,0.38
2IMMA,T,63,S,7.4,20.0,0.29
2IMMA,Q,79,E,7.4,20.0,-0.41
2IMMA,N,90,Q,7.4,20.0,1.05
2IMMA,A,100,G,7.4,20.0,0.02
2IMMA,L,106,I,7.4,20.0,0.36
2LZMA,I,3,A,5.4,59.3,-0.79
2LZMA,I,3,C,5.4,59.3,0.07
2LZMA,I,3,D,5.4,59.3,-2.87
2LZMA,I,3,E,4.0,53.0,-1.72
2LZMA,I,3,F,4.0,53.0,-1.02
2LZMA,I,3,G,5.4,59.3,-2.03
2LZMA,I,3,L,4.2,56.2,0.77
2LZMA,I,3,M,5.4,59.3,-0.76
2LZMA,I,3,S,5.4,59.3,-1.75
2LZMA,I,3,T,4.0,53.0,-2.15
2LZMA,I,3,V,5.4,59.3,-0.45
2LZMA,I,3,W,6.5,64.7,-2.80
2LZMA,I,3,Y,5.4,59.3,-2.39
2LZMA,M,6,I,6.5,43.5,-3.10
2LZMA,E,11,A,5.4,66.5,1.10
2LZMA,E,11,F,5.4,66.5,1.70
2LZMA,E,11,M,5.4,66.5,1.60
2LZMA,K,16,E,4.4,61.2,0.15
2LZMA,Y,25,G,7.0,22.0,-4.55
2LZMA,G,30,A,5.4,66.5,0.10
2LZMA,G,30,F,5.4,66.5,-1.50
2LZMA,S,38,A,3.0,53.4,-0.77
2LZMA,S,38,D,5.7,50.1,-0.01
2LZMA,A,41,V,3.9,57.0,0.37
2LZMA,S,44,A,2.5,47.8,0.44
2LZMA,G,51,D,7.0,22.0,-2.63
2LZMA,C,54,T,6.2,67.6,0.87
2LZMA,C,54,V,6.5,70.0,-0.70
2LZMA,N,55,G,5.4,59.3,-0.58
2LZMA,I,58,Y,7.0,22.0,-3.11
2LZMA,K,60,H,5.4,54.9,-0.26
2LZMA,N,68,A,2.5,47.8,0.05
2LZMA,G,77,A,5.9,48.4,-0.20
2LZMA,K,83,H,5.4,54.9,-0.42
2LZMA,S,90,H,5.5,59.0,-1.09
2LZMA,R,96,H,5.6,63.6,-2.91
2LZMA,A,98,T,7.0,22.0,-3.83
2LZMA,A,98,V,5.7,27.8,-4.98
2LZMA,M,102,V,3.0,47.0,-3.00
2LZMA,V,103,A,7.0,22.0,-1.91
2LZMA,Q,105,A,4.8,59.8,-0.68
2LZMA,Q,105,E,4.8,59.8,-0.94
2LZMA,Q,105,G,5.9,41.7,-2.30
2LZMA,G,113,A,4.0,53.3,0.39
2LZMA,T,115,E,5.0,60.8,0.03
2LZMA,N,116,D,4.6,60.9,0.47
2LZMA,S,117,F,5.4,66.5,1.10
2LZMA,S,117,I,5.4,66.5,1.70
2LZMA,S,117,V,5.4,66.5,2.00
2LZMA,R,119,E,4.8,46.9,-0.06
2LZMA,R,119,M,4.8,59.8,0.00
2LZMA,Q,123,E,5.5,61.9,0.27
2LZMA,K,124,G,5.4,59.3,-0.08
2LZMA,E,128,A,2.0,40.8,0.16
2LZMA,E,128,K,3.0,47.0,-1.16
2LZMA,A,129,V,2.5,47.7,-0.74
2LZMA,V,131,A,3.4,53.2,0.30
2LZMA,V,131,D,3.0,53.1,0.08
2LZMA,V,131,E,3.0,53.1,0.20
2LZMA,V,131,G,3.0,53.1,-0.68
2LZMA,V,131,I,3.0,53.1,0.16
2LZMA,V,131,L,3.0,53.1,0.09
2LZMA,V,131,M,3.0,53.1,0.12
2LZMA,V,131,S,3.0,53.1,-0.05
2LZMA,V,131,T,2.7,49.7,-0.09
2LZMA,N,132,F,5.4,66.5,1.30
2LZMA,N,132,I,5.4,66.5,1.20
2LZMA,N,132,M,5.4,66.5,1.50
2LZMA,L,133,A,2.0,40.8,-4.19
2LZMA,L,133,F,2.5,47.7,-0.26
2LZMA,K,135,E,4.8,46.9,-0.83
2LZMA,W,138,Y,6.0,26.4,-2.62
2LZMA,N,144,D,5.2,61.2,0.39
2LZMA,N,144,E,5.5,61.9,0.46
2LZMA,A,146,I,7.0,22.0,-4.31
2LZMA,A,146,T,6.1,44.5,-2.25
2LZMA,A,146,V,7.0,22.0,-4.31
2LZMA,K,147,E,4.8,46.9,-0.53
2LZMA,V,149,A,7.0,22.0,-2.87
2LZMA,V,149,C,3.0,40.0,-2.20
2LZMA,T,152,S,3.0,40.0,-2.60
2LZMA,F,153,C,7.0,22.0,-3.11
2LZMA,R,154,E,4.4,61.2,-0.65
2LZMA,G,156,D,6.2,41.6,-3.03
2LZMA,T,157,A,2.5,46.3,-0.90
2LZMA,T,157,C,2.0,42.0,-1.30
2LZMA,T,157,D,6.0,26.1,-2.12
2LZMA,T,157,E,2.5,46.3,-1.22
2LZMA,T,157,F,6.0,26.1,-3.73
2LZMA,T,157,G,2.0,42.0,-1.10
2LZMA,T,157,H,2.0,42.0,-2.10
2LZMA,T,157,I,3.8,54.6,-1.79
2LZMA,T,157,L,2.5,46.3,-1.63
2LZMA,T,157,N,2.5,46.3,-0.99
2LZMA,T,157,R,2.5,46.3,-0.54
2LZMA,T,157,S,2.0,42.0,-0.66
2LZMA,T,157,V,2.5,46.3,-1.49
2LZMA,A,160,T,6.5,43.5,-3.12
2NVHA,R,4,Q,6.5,25.0,-0.57
2NVHA,L,6,A,6.5,25.0,-2.13
2NVHA,N,7,D,6.5,25.0,0.09
2NVHA,N,7,G,6.5,25.0,-1.91
2NVHA,C,8,A,6.5,25.0,-2.02
2NVHA,C,8,S,6.5,25.0,-3.74
2NVHA,T,9,A,6.5,25.0,-1.45
2NVHA,T,9,G,6.5,25.0,-2.91
2NVHA,T,9,L,6.5,25.0,-1.90
2NVHA,T,9,Q,6.5,25.0,-2.53
2NVHA,L,10,A,6.5,25.0,-3.90
2NVHA,K,97,G,6.5,25.0,-1.65
2NVHA,K,97,R,6.5,25.0,-1.80
2NVHA,K,97,V,6.5,25.0,1.15
2OCJA,R,175,H,7.2,10.0,-3.47
2OCJA,C,242,S,7.2,10.0,-3.30
2OCJA,R,248,Q,7.2,10.0,-2.03
2OCJA,R,249,S,7.2,10.0,-1.81
2OCJA,R,273,H,7.2,10.0,-0.13
2RN2A,D,10,A,6.8,48.1,3.40
2RN2A,D,10,E,6.8,48.1,1.04
2RN2A,D,10,H,6.8,48.1,1.65
2RN2A,D,10,N,6.8,48.1,0.99
2RN2A,D,10,S,6.8,48.1,1.95
2RN2A,G,23,A,4.6,51.9,0.57
2RN2A,A,24,V,4.6,51.8,0.83
2RN2A,R,41,C,4.6,51.8,0.33
2RN2A,E,48,A,6.8,48.1,-0.23
2RN2A,E,48,D,6.8,48.1,-0.05
2RN2A,E,48,Q,6.8,48.1,0.15
2RN2A,A,52,C,3.2,53.0,0.80
2RN2A,A,52,D,3.2,53.0,-1.90
2RN2A,A,52,E,3.2,53.0,-1.50
2RN2A,A,52,F,3.2,53.0,-0.50
2RN2A,A,52,G,3.2,53.0,-2.70
2RN2A,A,52,H,3.2,53.0,-3.60
2RN2A,A,52,I,3.2,53.0,1.90
2RN2A,A,52,L,3.2,53.0,1.30
2RN2A,A,52,M,3.2,53.0,0.50
2RN2A,A,52,N,3.2,53.0,-1.80
2RN2A,A,52,Q,3.2,53.0,-1.20
2RN2A,A,52,S,3.2,53.0,-1.80
2RN2A,A,52,T,3.2,53.0,-0.80
2RN2A,A,52,V,3.1,51.6,1.70
2RN2A,A,52,Y,3.2,53.0,-2.30
2RN2A,I,53,D,5.5,25.0,-3.10
2RN2A,I,53,F,5.5,25.0,-3.90
2RN2A,I,53,L,5.5,25.0,-1.40
2RN2A,I,53,V,5.5,25.0,-0.20
2RN2A,H,62,A,6.4,25.0,0.44
2RN2A,H,62,D,4.6,51.8,0.13
2RN2A,H,62,R,4.6,51.8,0.22
2RN2A,S,68,A,4.6,34.0,-0.20
2RN2A,S,68,G,4.6,34.0,-2.17
2RN2A,S,68,L,4.6,34.0,-0.82
2RN2A,S,68,T,4.6,34.0,-0.01
2RN2A,S,68,V,4.6,34.0,0.70
2RN2A,D,70,A,6.8,48.1,0.65
2RN2A,D,70,E,6.8,48.1,0.25
2RN2A,D,70,N,6.8,48.1,0.89
2RN2A,V,74,A,4.6,51.2,-2.98
2RN2A,V,74,I,4.6,51.2,0.64
2RN2A,V,74,L,4.6,51.6,0.97
2RN2A,Q,76,L,3.0,50.1,0.24
2RN2A,G,77,A,3.0,49.8,-0.90
2RN2A,Q,80,L,3.0,50.1,0.30
2RN2A,H,83,A,6.4,25.0,0.07
2RN2A,K,91,R,4.6,49.8,0.07
2RN2A,D,94,E,4.6,49.8,-0.40
2RN2A,K,95,A,4.6,49.8,0.10
2RN2A,K,95,G,4.6,49.8,1.83
2RN2A,K,95,N,4.6,50.8,0.89
2RN2A,H,114,A,5.5,25.0,-1.87
2RN2A,K,117,R,4.6,51.8,0.00
2RN2A,E,119,V,4.6,51.8,0.51
2RN2A,H,124,A,6.4,25.0,0.17
2RN2A,A,125,T,4.6,51.2,0.04
2RN2A,H,127,A,6.4,25.0,-0.32
2RN2A,D,134,A,5.7,50.1,1.42
2RN2A,D,134,E,4.6,52.0,0.81
2RN2A,D,134,H,4.6,52.0,1.42
2RN2A,D,134,I,4.6,52.0,1.07
2RN2A,D,134,L,4.6,52.0,1.38
2RN2A,D,134,N,5.7,50.1,0.81
2RN2A,D,134,Q,4.6,52.0,1.02
2RN2A,D,134,S,4.6,52.0,0.79
2RN2A,D,134,T,4.6,52.0,0.74
2RN2A,D,134,V,4.6,52.0,0.83
2RN2A,E,135,K,4.6,51.8,-0.53
2TRTA,R,128,E,7.5,22.0,0.31
2TRXA,D,26,A,7.7,25.0,4.20
2TRXA,D,26,I,7.0,25.0,3.37
2TRXA,C,32,A,7.0,25.0,-3.50
2TRXA,C,35,A,7.0,25.0,-3.03
2TRXA,T,66,L,7.0,25.0,-1.03
2TRXA,T,77,V,7.0,25.0,-0.72
2TRXA,L,78,K,7.0,85.3,-1.95
2TRXA,L,78,R,7.0,85.3,-2.00
2TS1A,I,52,L,7.8,25.0,0.10
2TS1A,L,105,V,7.8,25.0,-3.15
3ECAA,T,12,A,7.4,25.0,0.00
3ECAA,T,12,S,7.4,25.0,-0.24
3ECAA,T,119,A,7.4,25.0,0.00
3ECAA,S,122,A,7.4,25.0,0.96
3GLYA,G,137,A,4.5,30.0,-0.31
3GLYA,G,139,A,4.5,30.0,-1.40
3GLYA,G,251,A,4.5,30.0,-0.14
3GLYA,G,383,A,4.5,30.0,0.11
3HHRA,S,71,A,8.0,20.0,-1.12
3HHRA,S,71,Q,8.0,20.0,-1.37
3HHRA,S,71,T,8.0,20.0,-0.20
3HHRA,S,71,V,8.0,20.0,-1.26
3HHRA,E,74,A,8.0,20.0,-0.95
3HHRA,E,74,D,8.0,20.0,-1.26
3HHRA,E,74,L,8.0,20.0,-1.01
3HHRA,E,74,Q,8.0,20.0,-0.71
3HHRA,E,74,S,8.0,20.0,-1.01
3HHRA,E,74,T,8.0,20.0,-1.13
3MBPA,V,8,G,7.6,25.0,0.38
3MBPA,W,10,A,7.6,25.0,-4.31
3MBPA,G,19,C,7.6,25.0,-2.15
3MBPA,D,55,N,7.6,25.0,0.69
3MBPA,A,276,G,7.6,25.0,-1.10
3MBPA,Y,283,D,7.6,25.0,-2.30
3MBPA,T,345,I,7.6,25.0,0.17
3PGKA,Y,48,W,7.5,25.0,-1.62
3PGKA,Y,122,W,7.5,25.0,-2.19
3PGKA,F,194,W,7.5,25.0,-1.12
3PGKA,W,308,F,7.5,25.0,-2.46
3PGKA,W,308,Y,7.5,23.6,-1.06
3PGKA,W,333,F,7.5,24.1,-1.88
3PGKA,W,333,Y,7.5,25.0,-1.13
3PGKA,H,388,Q,6.5,25.0,-0.84
3PGKA,L,399,W,7.5,25.0,-2.56
3SILA,A,53,L,7.0,25.0,0.90
3SILA,A,69,V,7.0,25.0,0.45
3SSIA,V,13,A,8.0,82.2,-3.42
3SSIA,V,13,F,8.0,82.2,-2.78
3SSIA,V,13,G,8.0,82.2,-4.96
3SSIA,V,13,I,8.0,82.2,-0.44
3SSIA,V,13,L,8.0,82.2,-1.17
3SSIA,V,13,M,8.0,82.2,-2.86
3SSIA,M,73,A,6.9,53.4,0.21
3SSIA,M,73,D,6.9,53.4,0.69
3SSIA,M,73,E,6.9,53.4,0.37
3SSIA,M,73,G,6.9,53.4,-0.11
3SSIA,M,73,I,6.9,53.4,-0.50
3SSIA,M,73,K,6.9,53.4,0.23
3SSIA,M,73,L,6.9,53.4,-0.16
3SSIA,M,73,V,6.9,53.4,-0.35
3SSIA,M,103,A,6.9,75.5,-1.13
3SSIA,M,103,G,8.0,81.6,-3.46
3SSIA,M,103,I,6.9,75.5,-1.01
3SSIA,M,103,L,6.9,75.5,0.08
3SSIA,M,103,V,6.9,75.5,-0.93
4LYZA,F,3,Y,6.4,74.0,-0.45
4LYZA,M,12,F,2.7,66.0,0.28
4LYZA,M,12,L,2.7,66.0,-0.57
4LYZA,H,15,L,6.4,74.0,0.76
4LYZA,N,19,K,6.4,74.0,-1.06
4LYZA,R,21,Q,6.4,74.0,-0.15
4LYZA,A,31,I,6.4,74.0,1.40
4LYZA,A,31,L,6.4,74.0,1.80
4LYZA,A,31,V,6.4,74.0,1.20
4LYZA,F,34,Y,6.4,74.0,0.19
4LYZA,E,35,A,4.6,35.0,1.24
4LYZA,E,35,H,4.6,35.0,-2.45
4LYZA,E,35,Q,4.6,35.0,-0.64
4LYZA,T,40,I,6.4,74.0,-2.20
4LYZA,T,40,S,6.4,74.0,-0.27
4LYZA,N,46,D,4.6,35.0,-0.44
4LYZA,G,49,A,4.2,48.8,-1.91
4LYZA,G,49,N,9.5,20.0,-0.96
4LYZA,I,55,A,6.4,74.0,-4.40
4LYZA,I,55,F,6.4,74.0,-2.46
4LYZA,I,55,L,6.4,74.0,-0.45
4LYZA,I,55,M,6.4,74.0,-2.27
4LYZA,I,55,T,5.8,52.5,-4.12
4LYZA,I,55,V,6.4,74.0,-0.91
4LYZA,I,58,M,5.5,35.0,-1.18
4LYZA,G,67,A,4.2,48.8,-1.19
4LYZA,R,68,K,6.4,74.0,-0.04
4LYZA,G,71,A,2.7,65.6,-0.38
4LYZA,R,73,K,6.4,74.0,0.23
4LYZA,N,77,H,6.4,74.0,-0.38
4LYZA,I,78,M,5.5,35.0,-0.90
4LYZA,S,91,A,6.4,74.0,-0.15
4LYZA,S,91,D,6.4,74.0,-2.31
4LYZA,S,91,T,6.4,74.0,0.99
4LYZA,S,91,V,6.4,74.0,-0.08
4LYZA,S,91,Y,6.4,74.0,-3.07
4LYZA,C,94,A,9.5,20.0,-4.78
4LYZA,I,98,M,5.5,35.0,-0.90
4LYZA,D,101,A,6.4,74.0,0.76
4LYZA,D,101,E,6.4,74.0,0.00
4LYZA,D,101,F,6.4,74.0,0.72
4LYZA,D,101,G,6.4,74.0,0.45
4LYZA,D,101,K,6.4,74.0,0.19
4LYZA,D,101,N,6.4,74.0,0.04
4LYZA,D,101,Q,6.4,74.0,-0.08
4LYZA,D,101,R,6.4,74.0,0.27
4LYZA,D,101,S,6.4,74.0,0.87
4LYZA,G,102,A,2.7,65.6,0.02
4LYZA,G,102,R,6.4,74.0,0.38
4LYZA,G,102,V,6.4,74.0,-0.04
4LYZA,N,103,D,9.5,20.0,0.24
4LYZA,M,105,T,9.5,20.0,-0.24
4LYZA,W,108,Q,4.6,35.0,-3.95
4LYZA,W,108,Y,4.6,35.0,-1.92
4LYZA,R,114,H,6.4,74.0,0.68
4LYZA,G,117,A,2.7,65.6,-1.46
4LYZA,Q,121,H,6.4,74.0,-0.45
5CROA,Q,16,L,3.0,45.0,1.40
5CROA,Y,26,C,5.8,45.0,1.10
5CROA,Y,26,D,7.0,45.0,1.35
5CROA,Y,26,F,7.0,45.0,0.20
5CROA,Y,26,H,7.0,45.0,0.95
5CROA,Y,26,L,7.0,45.0,0.55
5CROA,Y,26,Q,7.0,45.0,0.70
5CROA,Y,26,V,7.0,45.0,0.45
5CROA,Y,26,W,7.0,45.0,-0.05
5CROA,A,36,S,3.0,45.0,0.20
5DFRA,I,2,V,7.8,15.0,-0.55
5DFRA,G,15,A,7.8,15.0,0.44
5DFRA,W,22,L,7.8,15.0,-0.31
5DFRA,L,24,V,7.8,15.0,-1.29
5DFRA,D,27,N,7.8,15.0,1.21
5DFRA,L,28,R,7.8,15.0,1.08
5DFRA,W,30,A,7.8,15.0,-2.03
5DFRA,W,30,E,7.8,15.0,-2.42
5DFRA,W,30,H,7.8,15.0,-2.44
5DFRA,W,30,M,7.8,15.0,-1.94
5DFRA,W,30,N,7.8,15.0,-2.07
5DFRA,W,30,R,7.8,15.0,-2.09
5DFRA,W,30,S,7.8,15.0,-2.29
5DFRA,W,30,Y,7.8,15.0,-1.79
5DFRA,F,31,A,7.8,15.0,-1.72
5DFRA,F,31,V,7.8,15.0,-1.46
5DFRA,T,35,A,7.8,15.0,-1.10
5DFRA,V,40,A,7.8,15.0,-1.59
5DFRA,V,40,F,7.8,15.0,-1.99
5DFRA,V,40,H,7.8,15.0,-2.76
5DFRA,V,40,I,7.8,15.0,-0.50
5DFRA,V,40,L,7.8,15.0,-0.78
5DFRA,V,40,M,7.8,15.0,-1.27
5DFRA,V,40,N,7.8,15.0,-1.82
5DFRA,V,40,R,7.8,15.0,-1.38
5DFRA,V,40,S,7.8,15.0,-2.04
5DFRA,G,43,A,7.8,15.0,-0.48
5DFRA,R,44,A,7.8,15.0,-0.94
5DFRA,R,44,L,7.8,15.0,0.78
5DFRA,L,54,V,7.8,15.0,-0.32
5DFRA,N,59,C,7.8,15.0,0.24
5DFRA,N,59,E,7.8,15.0,-1.36
5DFRA,N,59,G,7.8,15.0,-2.01
5DFRA,N,59,H,7.8,15.0,-0.81
5DFRA,N,59,I,7.8,15.0,0.13
5DFRA,N,59,K,7.8,15.0,-1.55
5DFRA,N,59,L,7.8,15.0,0.01
5DFRA,N,59,M,7.8,15.0,-0.14
5DFRA,N,59,Q,7.8,15.0,-0.35
5DFRA,N,59,S,7.8,15.0,-1.26
5DFRA,N,59,T,7.8,15.0,-0.05
5DFRA,N,59,V,7.8,15.0,0.36
5DFRA,N,59,W,7.8,15.0,-0.79
5DFRA,I,61,L,7.8,15.0,-0.36
5DFRA,I,61,V,7.8,15.0,-0.83
5DFRA,G,67,A,7.0,15.0,-0.05
5DFRA,G,67,C,7.0,15.0,-0.51
5DFRA,G,67,D,7.0,15.0,-0.58
5DFRA,G,67,L,7.0,15.0,-0.51
5DFRA,G,67,S,7.0,15.0,-0.27
5DFRA,G,67,T,7.0,15.0,-0.62
5DFRA,G,67,V,7.0,15.0,-0.70
5DFRA,W,74,F,7.8,15.0,-1.20
5DFRA,V,75,A,7.8,15.0,-0.05
5DFRA,V,75,C,7.8,15.0,-0.05
5DFRA,V,75,H,7.1,15.0,-1.72
5DFRA,V,75,I,7.8,15.0,-1.65
5DFRA,V,75,R,7.8,15.0,-2.00
5DFRA,V,75,S,7.8,15.0,-0.80
5DFRA,V,75,Y,7.8,15.0,-1.80
5DFRA,C,85,S,7.8,15.0,-0.97
5DFRA,V,88,A,7.2,20.0,0.29
5DFRA,V,88,I,7.2,20.0,-0.49
5DFRA,I,91,L,7.8,15.0,-1.50
5DFRA,I,91,V,7.8,15.0,-1.34
5DFRA,I,94,L,7.8,15.0,-0.63
5DFRA,I,94,V,7.8,15.0,-0.67
5DFRA,G,95,A,7.8,15.0,-0.90
5DFRA,L,112,I,7.8,15.0,-0.25
5DFRA,L,112,V,7.8,15.0,-1.39
5DFRA,T,113,V,7.8,15.0,-0.91
5DFRA,G,121,A,7.0,15.0,-0.01
5DFRA,G,121,C,7.0,15.0,-0.22
5DFRA,G,121,D,7.0,15.0,-0.34
5DFRA,G,121,H,7.0,15.0,-0.56
5DFRA,G,121,L,7.0,15.0,-0.58
5DFRA,G,121,S,7.0,15.0,-0.08
5DFRA,G,121,V,7.0,15.0,-0.99
5DFRA,G,121,Y,7.0,15.0,-0.51
5DFRA,D,122,A,7.8,15.0,-1.00
5DFRA,E,139,K,7.8,15.0,-1.59
5DFRA,E,139,Q,7.8,15.0,-0.89
5DFRA,S,148,A,7.8,15.0,-0.42
5DFRA,S,148,E,7.8,15.0,-0.61
5DFRA,S,148,K,7.8,15.0,-0.38
5DFRA,S,148,N,7.8,15.0,-0.88
5DFRA,S,148,R,7.8,15.0,-0.66
5DFRA,S,148,T,7.8,15.0,-0.41
5DFRA,S,148,V,7.8,15.0,-0.35
5DFRA,C,152,E,7.8,15.0,-0.97
5DFRA,I,155,A,7.8,15.0,-2.99
5DFRA,I,155,D,7.8,15.0,-3.19
5DFRA,I,155,E,7.8,15.0,-2.62
5DFRA,I,155,K,7.8,15.0,-2.69
5DFRA,I,155,L,7.8,15.0,-1.63
5DFRA,I,155,Q,7.8,15.0,-3.01
5DFRA,I,155,R,7.8,15.0,-2.65
5DFRA,I,155,S,7.8,15.0,-3.09
5DFRA,I,155,T,7.8,15.0,-2.53
5DFRA,I,155,V,7.8,15.0,-0.03
5DFRA,I,155,W,7.8,15.0,-3.21
5DFRA,I,155,Y,7.8,15.0,-2.85
5PTIA,F,4,L,8.7,25.0,-2.20
5PTIA,Y,10,L,8.7,25.0,-2.90
5PTIA,G,12,D,8.7,25.0,-4.30
5PTIA,G,12,V,8.7,25.0,-4.10
5PTIA,A,16,T,8.7,25.0,-1.70
5PTIA,A,16,V,8.7,25.0,-1.30
5PTIA,Y,21,A,2.0,20.0,-3.90
5PTIA,Y,21,L,8.7,25.0,-3.40
5PTIA,F,22,A,2.0,22.7,-1.11
5PTIA,F,33,I,8.7,25.0,-2.40
5PTIA,F,33,L,8.7,25.0,-2.70
5PTIA,Y,35,A,8.7,25.0,-4.70
5PTIA,Y,35,D,8.7,25.0,-3.80
5PTIA,Y,35,F,8.7,25.0,-0.60
5PTIA,Y,35,G,5.4,25.0,-5.00
5PTIA,Y,35,N,8.7,25.0,-3.70
5PTIA,G,36,D,8.7,25.0,-2.80
5PTIA,G,36,S,4.6,72.6,-0.70
5PTIA,G,37,A,5.5,23.9,-3.01
5PTIA,G,37,D,8.7,25.0,-1.70
5PTIA,N,44,G,2.0,25.0,-4.70
